Sregisterin_m2s_valid,registerin_m2s_last,registerin_m2s_data_address,registerin_m2s_data_value,registerin_m2s_data_clk
Sregisterin_m2s_valid,registerin_m2s_last,registerin_m2s_data_address,registerin_m2s_data_value,registerin_m2s_data_clk
0,0,0,0,0
0,0,0,0,0
0,0,0,0,0
1,0,1,800,0
1,0,3,800,0
1,0,5,800,0
1,0,7,800,0
1,0,9,800,0
1,0,11,800,0
1,0,13,800,0
1,0,15,800,0
1,0,17,800,0
1,0,19,800,0
1,0,21,800,0
1,0,23,800,0
1,0,25,800,0
1,0,27,800,0
1,0,29,800,0
1,0,31,800,0
1,0,48,1300,0
1,0,49,0,0
1,0,50,2650,0
1,0,51,1100,0
1,0,52,1500,0
1,0,53,1062,0
1,0,54,1209,0
1,0,55,0,0
1,0,56,1152,0
1,0,57,0,0
1,0,58,2235,0
1,0,59,0,0
1,0,61,900,0
1,0,62,1100,0
1,0,63,1100,0
1,0,64,51,0
1,0,65,7,0
1,0,66,13,0
1,0,67,33,0
1,0,68,20,0
1,0,69,40,0
1,0,70,33,0
1,0,71,53,0
1,0,72,56,0
1,0,73,12,0
1,0,74,40,0
1,0,75,58,0
1,0,76,737,0
1,0,77,3112,0
1,0,78,1152,0
1,0,79,2730,0
1,0,49152,0,0
1,0,49153,0,0
1,0,49154,0,0
1,0,49155,0,0
1,0,49156,0,0
1,0,49157,0,0
1,0,49158,0,0
1,0,49159,0,0
1,0,49160,0,0
1,0,49161,0,0
1,0,49162,0,0
1,0,49163,0,0
1,0,49164,0,0
1,0,49165,0,0
1,0,49166,0,0
1,0,49167,0,0
1,0,49168,0,0
1,0,128,2050,0
1,0,130,3190,0
1,0,132,3225,0
1,0,134,3209,0
1,0,136,3227,0
1,0,138,3219,0
1,0,140,3197,0
1,0,142,3213,0
1,0,144,3217,0
1,0,146,3211,0
1,0,148,3231,0
1,0,150,3195,0
1,0,152,3217,0
1,0,154,3215,0
1,0,156,3189,0
1,0,49168,0,0
1,0,49169,0,0
1,0,49170,0,0
1,0,49171,0,0
1,0,49172,0,0
1,0,49173,0,0
1,0,49174,0,0
1,0,49175,0,0
1,0,49176,0,0
1,0,49177,0,0
1,0,49178,0,0
1,0,49179,0,0
1,0,49180,0,0
1,0,49181,0,0
1,0,49182,0,0
1,0,49183,0,0
1,0,49184,0,0
1,0,256,2050,0
1,0,258,3224,0
1,0,260,3175,0
1,0,262,3223,0
1,0,264,3198,0
1,0,266,3212,0
1,0,268,3195,0
1,0,270,3211,0
1,0,272,3209,0
1,0,274,3195,0
1,0,276,3312,0
1,0,278,3215,0
1,0,280,3166,0
1,0,282,3203,0
1,0,284,3165,0
1,0,49184,0,0
1,0,49185,0,0
1,0,49186,0,0
1,0,49187,0,0
1,0,49188,0,0
1,0,49189,0,0
1,0,49190,0,0
1,0,49191,0,0
1,0,49192,0,0
1,0,49193,0,0
1,0,49194,0,0
1,0,49195,0,0
1,0,49196,0,0
1,0,49197,0,0
1,0,49198,0,0
1,0,49199,0,0
1,0,49200,0,0
1,0,384,2050,0
1,0,386,2050,0
1,0,388,2050,0
1,0,390,3247,0
1,0,392,3370,0
1,0,394,3659,0
1,0,396,3215,0
1,0,398,3251,0
1,0,400,3254,0
1,0,402,3263,0
1,0,404,3264,0
1,0,406,3261,0
1,0,408,3255,0
1,0,410,3253,0
1,0,412,3258,0
1,0,49200,0,0
1,0,49201,0,0
1,0,49202,0,0
1,0,49203,0,0
1,0,49204,0,0
1,0,49205,0,0
1,0,49206,0,0
1,0,49207,0,0
1,0,49208,0,0
1,0,49209,0,0
1,0,49210,0,0
1,0,49211,0,0
1,0,49212,0,0
1,0,49213,0,0
1,0,49214,0,0
1,0,49215,0,0
1,0,49216,0,0
1,0,512,2050,0
1,0,514,3273,0
1,0,516,3260,0
1,0,518,3274,0
1,0,520,3257,0
1,0,522,3282,0
1,0,524,3266,0
1,0,526,2050,0
1,0,528,3252,0
1,0,530,3258,0
1,0,532,3245,0
1,0,534,3229,0
1,0,536,3262,0
1,0,538,3265,0
1,0,540,3262,0
1,0,49216,0,0
1,0,49217,0,0
1,0,49218,0,0
1,0,49219,0,0
1,0,49220,0,0
1,0,49221,0,0
1,0,49222,0,0
1,0,49223,0,0
1,0,49224,0,0
1,0,49225,0,0
1,0,49226,0,0
1,0,49227,0,0
1,0,49228,0,0
1,0,49229,0,0
1,0,49230,0,0
1,0,49231,0,0
1,0,49232,0,0
1,0,640,2050,0
1,0,642,2050,0
1,0,644,2050,0
1,0,646,3200,0
1,0,648,3200,0
1,0,650,3200,0
1,0,652,3200,0
1,0,654,3200,0
1,0,656,3300,0
1,0,658,2050,0
1,0,660,2050,0
1,0,662,2050,0
1,0,664,3200,0
1,0,666,2050,0
1,0,668,2050,0
1,0,49232,0,0
1,0,49233,0,0
1,0,49234,0,0
1,0,49235,0,0
1,0,49236,0,0
1,0,49237,0,0
1,0,49238,0,0
1,0,49239,0,0
1,0,49240,0,0
1,0,49241,0,0
1,0,49242,0,0
1,0,49243,0,0
1,0,49244,0,0
1,0,49245,0,0
1,0,49246,0,0
1,0,49247,0,0
1,0,49248,0,0
1,0,768,2050,0
1,0,770,3233,0
1,0,772,2050,0
1,0,774,3284,0
1,0,776,3289,0
1,0,778,3284,0
1,0,780,3308,0
1,0,782,3251,0
1,0,784,3270,0
1,0,786,3284,0
1,0,788,3268,0
1,0,790,2050,0
1,0,792,3265,0
1,0,794,3278,0
1,0,796,3269,0
1,0,49248,0,0
1,0,49249,0,0
1,0,49250,0,0
1,0,49251,0,0
1,0,49252,0,0
1,0,49253,0,0
1,0,49254,0,0
1,0,49255,0,0
1,0,49256,0,0
1,0,49257,0,0
1,0,49258,0,0
1,0,49259,0,0
1,0,49260,0,0
1,0,49261,0,0
1,0,49262,0,0
1,0,49263,0,0
1,0,49264,0,0
1,0,896,2050,0
1,0,898,3336,0
1,0,900,3163,0
1,0,902,3260,0
1,0,904,3157,0
1,0,906,3232,0
1,0,908,3291,0
1,0,910,3266,0
1,0,912,3267,0
1,0,914,3304,0
1,0,916,3244,0
1,0,918,3273,0
1,0,920,3224,0
1,0,922,3228,0
1,0,924,3167,0
1,0,49264,0,0
1,0,49265,0,0
1,0,49266,0,0
1,0,49267,0,0
1,0,49268,0,0
1,0,49269,0,0
1,0,49270,0,0
1,0,49271,0,0
1,0,49272,0,0
1,0,49273,0,0
1,0,49274,0,0
1,0,49275,0,0
1,0,49276,0,0
1,0,49277,0,0
1,0,49278,0,0
1,0,49279,0,0
1,0,49280,0,0
1,0,1024,2050,0
1,0,1026,3267,0
1,0,1028,3266,0
1,0,1030,3268,0
1,0,1032,3309,0
1,0,1034,3248,0
1,0,1036,2050,0
1,0,1038,3296,0
1,0,1040,3271,0
1,0,1042,3289,0
1,0,1044,3332,0
1,0,1046,3314,0
1,0,1048,3343,0
1,0,1050,3400,0
1,0,1052,2050,0
1,0,49280,0,0
1,0,49281,0,0
1,0,49282,0,0
1,0,49283,0,0
1,0,49284,0,0
1,0,49285,0,0
1,0,49286,0,0
1,0,49287,0,0
1,0,49288,0,0
1,0,49289,0,0
1,0,49290,0,0
1,0,49291,0,0
1,0,49292,0,0
1,0,49293,0,0
1,0,49294,0,0
1,0,49295,0,0
1,0,49296,0,0
1,0,1152,2050,0
1,0,1154,3335,0
1,0,1156,3344,0
1,0,1158,3286,0
1,0,1160,3341,0
1,0,1162,3264,0
1,0,1164,3300,0
1,0,1166,3228,0
1,0,1168,3284,0
1,0,1170,3271,0
1,0,1172,3273,0
1,0,1174,3321,0
1,0,1176,3302,0
1,0,1178,3290,0
1,0,1180,2050,0
1,0,49296,0,0
1,0,49297,0,0
1,0,49298,0,0
1,0,49299,0,0
1,0,49300,0,0
1,0,49301,0,0
1,0,49302,0,0
1,0,49303,0,0
1,0,49304,0,0
1,0,49305,0,0
1,0,49306,0,0
1,0,49307,0,0
1,0,49308,0,0
1,0,49309,0,0
1,0,49310,0,0
1,0,49311,0,0
1,0,49312,0,0
1,0,1280,2050,0
1,0,1282,3312,0
1,0,1284,3286,0
1,0,1286,3305,0
1,0,1288,3284,0
1,0,1290,3289,0
1,0,1292,3304,0
1,0,1294,3296,0
1,0,1296,3287,0
1,0,1298,3331,0
1,0,1300,3302,0
1,0,1302,3327,0
1,0,1304,3279,0
1,0,1306,3315,0
1,0,1308,3283,0
1,0,49312,0,0
1,0,49313,0,0
1,0,49314,0,0
1,0,49315,0,0
1,0,49316,0,0
1,0,49317,0,0
1,0,49318,0,0
1,0,49319,0,0
1,0,49320,0,0
1,0,49321,0,0
1,0,49322,0,0
1,0,49323,0,0
1,0,49324,0,0
1,0,49325,0,0
1,0,49326,0,0
1,0,49327,0,0
1,0,49328,0,0
1,0,4180,4,0
1,0,4181,1,0
1,0,4182,301,0
1,0,4184,8,0
1,0,4185,14,0
1,0,4186,1000,0
1,0,4187,0,0
1,1,0,0,0
0,0,0,0,0
0,0,0,0,0
0,0,0,0,0
0,0,0,0,0
0,0,0,0,0
0,0,0,0,0
0,0,0,0,0
0,0,0,0,0
0,0,0,0,0
0,0,0,0,0
0,0,0,0,0
0,0,0,0,0
0,0,0,0,0
0,0,0,0,0
0,0,0,0,0
0,0,0,0,0
0,0,0,0,0
0,0,0,0,0
0,0,0,0,0
0,0,0,0,0
0,0,0,0,0
0,0,0,0,0
0,0,0,0,0
0,0,0,0,0
0,0,0,0,0
0,0,0,0,0
0,0,0,0,0
0,0,0,0,0
0,0,0,0,0
0,0,0,0,0
0,0,0,0,0
0,0,0,0,0
0,0,0,0,0
0,0,0,0,0
0,0,0,0,0
0,0,0,0,0
0,0,0,0,0
0,0,0,0,0
0,0,0,0,0
0,0,0,0,0
0,0,0,0,0
0,0,0,0,0
0,0,0,0,0
0,0,0,0,0
0,0,0,0,0
0,0,0,0,0
0,0,0,0,0
0,0,0,0,0
0,0,0,0,0
0,0,0,0,0
0,0,0,0,0
0,0,0,0,0
0,0,0,0,0
0,0,0,0,0
0,0,0,0,0
0,0,0,0,0
0,0,0,0,0
0,0,0,0,0
0,0,0,0,0
0,0,0,0,0
0,0,0,0,0
0,0,0,0,0
0,0,0,0,0
0,0,0,0,0
0,0,0,0,0
0,0,0,0,0
0,0,0,0,0
0,0,0,0,0
0,0,0,0,0
0,0,0,0,0
0,0,0,0,0
0,0,0,0,0
0,0,0,0,0
0,0,0,0,0
0,0,0,0,0
0,0,0,0,0
0,0,0,0,0
0,0,0,0,0
0,0,0,0,0
0,0,0,0,0
0,0,0,0,0
0,0,0,0,0
0,0,0,0,0
0,0,0,0,0
0,0,0,0,0
0,0,0,0,0
0,0,0,0,0
0,0,0,0,0
0,0,0,0,0
0,0,0,0,0
0,0,0,0,0
0,0,0,0,0
0,0,0,0,0
0,0,0,0,0
0,0,0,0,0
0,0,0,0,0
0,0,0,0,0
0,0,0,0,0
0,0,0,0,0
0,0,0,0,0
0,0,0,0,0
0,0,0,0,0
0,0,0,0,0
0,0,0,0,0
0,0,0,0,0
0,0,0,0,0
0,0,0,0,0
0,0,0,0,0
0,0,0,0,0
0,0,0,0,0
0,0,0,0,0
0,0,0,0,0
0,0,0,0,0
0,0,0,0,0
0,0,0,0,0
0,0,0,0,0
0,0,0,0,0
0,0,0,0,0
0,0,0,0,0
0,0,0,0,0
0,0,0,0,0
0,0,0,0,0
0,0,0,0,0
0,0,0,0,0
0,0,0,0,0
0,0,0,0,0
0,0,0,0,0
0,0,0,0,0
0,0,0,0,0
0,0,0,0,0
0,0,0,0,0
0,0,0,0,0
0,0,0,0,0
0,0,0,0,0
0,0,0,0,0
0,0,0,0,0
0,0,0,0,0
0,0,0,0,0
0,0,0,0,0
0,0,0,0,0
0,0,0,0,0
0,0,0,0,0
0,0,0,0,0
0,0,0,0,0
0,0,0,0,0
0,0,0,0,0
0,0,0,0,0
0,0,0,0,0
0,0,0,0,0
0,0,0,0,0
0,0,0,0,0
0,0,0,0,0
0,0,0,0,0
0,0,0,0,0
0,0,0,0,0
0,0,0,0,0
0,0,0,0,0
0,0,0,0,0
0,0,0,0,0
0,0,0,0,0
0,0,0,0,0
0,0,0,0,0
0,0,0,0,0
0,0,0,0,0
0,0,0,0,0
0,0,0,0,0
0,0,0,0,0
0,0,0,0,0
0,0,0,0,0
0,0,0,0,0
0,0,0,0,0
0,0,0,0,0
0,0,0,0,0
0,0,0,0,0
0,0,0,0,0
0,0,0,0,0
0,0,0,0,0
0,0,0,0,0
0,0,0,0,0
0,0,0,0,0
0,0,0,0,0
0,0,0,0,0
0,0,0,0,0
0,0,0,0,0
0,0,0,0,0
0,0,0,0,0
0,0,0,0,0
0,0,0,0,0
0,0,0,0,0
0,0,0,0,0
0,0,0,0,0
0,0,0,0,0
0,0,0,0,0
0,0,0,0,0
0,0,0,0,0
0,0,0,0,0
0,0,0,0,0
0,0,0,0,0
0,0,0,0,0
0,0,0,0,0
0,0,0,0,0
0,0,0,0,0
0,0,0,0,0
0,0,0,0,0
0,0,0,0,0
0,0,0,0,0
0,0,0,0,0
0,0,0,0,0
0,0,0,0,0
0,0,0,0,0
0,0,0,0,0
0,0,0,0,0
0,0,0,0,0
0,0,0,0,0
0,0,0,0,0
0,0,0,0,0
0,0,0,0,0
0,0,0,0,0
0,0,0,0,0
0,0,0,0,0
0,0,0,0,0
0,0,0,0,0
0,0,0,0,0
0,0,0,0,0
0,0,0,0,0
0,0,0,0,0
0,0,0,0,0
0,0,0,0,0
0,0,0,0,0
0,0,0,0,0
0,0,0,0,0
0,0,0,0,0
0,0,0,0,0
0,0,0,0,0
0,0,0,0,0
0,0,0,0,0
0,0,0,0,0
0,0,0,0,0
0,0,0,0,0
0,0,0,0,0
0,0,0,0,0
0,0,0,0,0
0,0,0,0,0
0,0,0,0,0
0,0,0,0,0
0,0,0,0,0
0,0,0,0,0
0,0,0,0,0
0,0,0,0,0
0,0,0,0,0
0,0,0,0,0
0,0,0,0,0
0,0,0,0,0
0,0,0,0,0
0,0,0,0,0
0,0,0,0,0
0,0,0,0,0
0,0,0,0,0
0,0,0,0,0
0,0,0,0,0
0,0,0,0,0
0,0,0,0,0
0,0,0,0,0
0,0,0,0,0
0,0,0,0,0
0,0,0,0,0
0,0,0,0,0
0,0,0,0,0
0,0,0,0,0
0,0,0,0,0
0,0,0,0,0
0,0,0,0,0
0,0,0,0,0
0,0,0,0,0
0,0,0,0,0
0,0,0,0,0
0,0,0,0,0
0,0,0,0,0
0,0,0,0,0
0,0,0,0,0
0,0,0,0,0
0,0,0,0,0
0,0,0,0,0
0,0,0,0,0
0,0,0,0,0
0,0,0,0,0
0,0,0,0,0
0,0,0,0,0
0,0,0,0,0
0,0,0,0,0
0,0,0,0,0
0,0,0,0,0
0,0,0,0,0
0,0,0,0,0
0,0,0,0,0
0,0,0,0,0
0,0,0,0,0
0,0,0,0,0
0,0,0,0,0
0,0,0,0,0
0,0,0,0,0
0,0,0,0,0
0,0,0,0,0
0,0,0,0,0
0,0,0,0,0
0,0,0,0,0
0,0,0,0,0
0,0,0,0,0
0,0,0,0,0
0,0,0,0,0
0,0,0,0,0
0,0,0,0,0
0,0,0,0,0
0,0,0,0,0
0,0,0,0,0
0,0,0,0,0
0,0,0,0,0
0,0,0,0,0
0,0,0,0,0
0,0,0,0,0
0,0,0,0,0
0,0,0,0,0
0,0,0,0,0
0,0,0,0,0
0,0,0,0,0
0,0,0,0,0
0,0,0,0,0
0,0,0,0,0
0,0,0,0,0
0,0,0,0,0
0,0,0,0,0
0,0,0,0,0
0,0,0,0,0
0,0,0,0,0
0,0,0,0,0
0,0,0,0,0
0,0,0,0,0
0,0,0,0,0
0,0,0,0,0
0,0,0,0,0
0,0,0,0,0
0,0,0,0,0
0,0,0,0,0
0,0,0,0,0
0,0,0,0,0
0,0,0,0,0
0,0,0,0,0
0,0,0,0,0
0,0,0,0,0
0,0,0,0,0
0,0,0,0,0
0,0,0,0,0
0,0,0,0,0
0,0,0,0,0
0,0,0,0,0
0,0,0,0,0
0,0,0,0,0
0,0,0,0,0
0,0,0,0,0
0,0,0,0,0
0,0,0,0,0
0,0,0,0,0
0,0,0,0,0
0,0,0,0,0
0,0,0,0,0
0,0,0,0,0
0,0,0,0,0
0,0,0,0,0
0,0,0,0,0
0,0,0,0,0
0,0,0,0,0
0,0,0,0,0
0,0,0,0,0
0,0,0,0,0
0,0,0,0,0
0,0,0,0,0
0,0,0,0,0
0,0,0,0,0
0,0,0,0,0
0,0,0,0,0
0,0,0,0,0
0,0,0,0,0
0,0,0,0,0
0,0,0,0,0
0,0,0,0,0
0,0,0,0,0
0,0,0,0,0
0,0,0,0,0
0,0,0,0,0
0,0,0,0,0
0,0,0,0,0
0,0,0,0,0
0,0,0,0,0
0,0,0,0,0
0,0,0,0,0
0,0,0,0,0
0,0,0,0,0
0,0,0,0,0
0,0,0,0,0
0,0,0,0,0
0,0,0,0,0
0,0,0,0,0
0,0,0,0,0
0,0,0,0,0
0,0,0,0,0
0,0,0,0,0
0,0,0,0,0
0,0,0,0,0
0,0,0,0,0
0,0,0,0,0
0,0,0,0,0
0,0,0,0,0
0,0,0,0,0
0,0,0,0,0
0,0,0,0,0
0,0,0,0,0
0,0,0,0,0
0,0,0,0,0
0,0,0,0,0
0,0,0,0,0
0,0,0,0,0
0,0,0,0,0
0,0,0,0,0
0,0,0,0,0
0,0,0,0,0
0,0,0,0,0
0,0,0,0,0
0,0,0,0,0
0,0,0,0,0
0,0,0,0,0
0,0,0,0,0
0,0,0,0,0
0,0,0,0,0
0,0,0,0,0
0,0,0,0,0
0,0,0,0,0
0,0,0,0,0
0,0,0,0,0
0,0,0,0,0
0,0,0,0,0
0,0,0,0,0
0,0,0,0,0
0,0,0,0,0
0,0,0,0,0
0,0,0,0,0
0,0,0,0,0
0,0,0,0,0
0,0,0,0,0
0,0,0,0,0
0,0,0,0,0
0,0,0,0,0
0,0,0,0,0
0,0,0,0,0
0,0,0,0,0
0,0,0,0,0
0,0,0,0,0
0,0,0,0,0
0,0,0,0,0
0,0,0,0,0
0,0,0,0,0
0,0,0,0,0
0,0,0,0,0
0,0,0,0,0
0,0,0,0,0
0,0,0,0,0
0,0,0,0,0
0,0,0,0,0
0,0,0,0,0
0,0,0,0,0
0,0,0,0,0
0,0,0,0,0
0,0,0,0,0
0,0,0,0,0
0,0,0,0,0
0,0,0,0,0
0,0,0,0,0
0,0,0,0,0
0,0,0,0,0
0,0,0,0,0
0,0,0,0,0
0,0,0,0,0
0,0,0,0,0
0,0,0,0,0
0,0,0,0,0
0,0,0,0,0
0,0,0,0,0
0,0,0,0,0
0,0,0,0,0
0,0,0,0,0
0,0,0,0,0
0,0,0,0,0
0,0,0,0,0
0,0,0,0,0
0,0,0,0,0
0,0,0,0,0
0,0,0,0,0
0,0,0,0,0
0,0,0,0,0
0,0,0,0,0
0,0,0,0,0
0,0,0,0,0
0,0,0,0,0
0,0,0,0,0
0,0,0,0,0
0,0,0,0,0
0,0,0,0,0
0,0,0,0,0
0,0,0,0,0
0,0,0,0,0
0,0,0,0,0
0,0,0,0,0
0,0,0,0,0
0,0,0,0,0
0,0,0,0,0
0,0,0,0,0
0,0,0,0,0
0,0,0,0,0
0,0,0,0,0
0,0,0,0,0
0,0,0,0,0
0,0,0,0,0
0,0,0,0,0
0,0,0,0,0
0,0,0,0,0
0,0,0,0,0
0,0,0,0,0
0,0,0,0,0
0,0,0,0,0
0,0,0,0,0
0,0,0,0,0
0,0,0,0,0
0,0,0,0,0
0,0,0,0,0
0,0,0,0,0
0,0,0,0,0
0,0,0,0,0
0,0,0,0,0
0,0,0,0,0
0,0,0,0,0
0,0,0,0,0
0,0,0,0,0
0,0,0,0,0
0,0,0,0,0
0,0,0,0,0
0,0,0,0,0
0,0,0,0,0
0,0,0,0,0
0,0,0,0,0
0,0,0,0,0
0,0,0,0,0
0,0,0,0,0
0,0,0,0,0
0,0,0,0,0
0,0,0,0,0
0,0,0,0,0
0,0,0,0,0
0,0,0,0,0
0,0,0,0,0
0,0,0,0,0
0,0,0,0,0
0,0,0,0,0
0,0,0,0,0
0,0,0,0,0
0,0,0,0,0
0,0,0,0,0
0,0,0,0,0
0,0,0,0,0
0,0,0,0,0
0,0,0,0,0
0,0,0,0,0
0,0,0,0,0
0,0,0,0,0
0,0,0,0,0
0,0,0,0,0
0,0,0,0,0
0,0,0,0,0
0,0,0,0,0
0,0,0,0,0
0,0,0,0,0
0,0,0,0,0
0,0,0,0,0
0,0,0,0,0
0,0,0,0,0
0,0,0,0,0
0,0,0,0,0
0,0,0,0,0
0,0,0,0,0
0,0,0,0,0
0,0,0,0,0
0,0,0,0,0
0,0,0,0,0
0,0,0,0,0
0,0,0,0,0
0,0,0,0,0
0,0,0,0,0
0,0,0,0,0
0,0,0,0,0
0,0,0,0,0
0,0,0,0,0
0,0,0,0,0
0,0,0,0,0
0,0,0,0,0
0,0,0,0,0
0,0,0,0,0
0,0,0,0,0
