Header; Nr_of_streams; recording TimeStamp; Operation; Number of packets; packateNr; Sending TimeStamp; TX_Valid; TX_Last; TX_Address; TX_Value; RX_LAST; RX_valid; RX_Address; RX_VALUE; Dummy; Tail
268435455; 43000; 172742906; 0; 1000; 1190973; 173817588; 0; 0; 0; 0; 0; 1; 0; 0; 0; 268435454
268435455; 43001; 172745794; 0; 1000; 1190973; 173817589; 0; 0; 0; 0; 0; 1; 0; 0; 0; 268435454
268435455; 43002; 172745904; 0; 1000; 1190973; 173817590; 0; 0; 0; 0; 0; 1; 0; 0; 0; 268435454
268435455; 43003; 172748850; 0; 1000; 1190973; 173817591; 1; 0; 1; 800; 0; 1; 0; 0; 0; 268435454
268435455; 43004; 172748960; 0; 1000; 1190973; 173817592; 1; 0; 3; 800; 0; 1; 0; 0; 0; 268435454
268435455; 43005; 172751570; 0; 1000; 1190973; 173817593; 1; 0; 5; 800; 0; 1; 0; 0; 0; 268435454
268435455; 43006; 172751680; 0; 1000; 1190973; 173817594; 1; 0; 7; 800; 0; 1; 0; 0; 0; 268435454
268435455; 43007; 172755194; 0; 1000; 1190973; 173817595; 1; 0; 9; 800; 0; 1; 0; 0; 0; 268435454
268435455; 43008; 172757722; 0; 1000; 1190973; 173817596; 1; 0; 11; 800; 0; 1; 0; 0; 0; 268435454
268435455; 43009; 172760194; 0; 1000; 1190973; 173817597; 1; 0; 13; 800; 0; 1; 0; 0; 0; 268435454
268435455; 43010; 172762746; 0; 1000; 1190973; 173817598; 1; 0; 15; 800; 0; 1; 0; 0; 0; 268435454
268435455; 43011; 172765354; 0; 1000; 1190973; 173817599; 1; 0; 17; 800; 0; 1; 0; 0; 0; 268435454
268435455; 43012; 172765466; 0; 1000; 1190973; 173817600; 1; 0; 19; 800; 0; 1; 0; 0; 0; 268435454
268435455; 43013; 172768308; 0; 1000; 1190973; 173817601; 1; 0; 21; 800; 0; 1; 0; 0; 0; 268435454
268435455; 43014; 172768418; 0; 1000; 1190973; 173817602; 1; 0; 23; 800; 0; 1; 0; 0; 0; 268435454
268435455; 43015; 172771108; 0; 1000; 1190973; 173817603; 1; 0; 25; 800; 0; 1; 0; 0; 0; 268435454
268435455; 43016; 172771218; 0; 1000; 1190973; 173817604; 1; 0; 27; 800; 0; 1; 0; 0; 0; 268435454
268435455; 43017; 172773756; 0; 1000; 1190973; 173817605; 1; 0; 29; 800; 0; 1; 0; 0; 0; 268435454
268435455; 43018; 172773866; 0; 1000; 1190973; 173817606; 1; 0; 31; 800; 0; 1; 0; 0; 0; 268435454
268435455; 43019; 172776500; 0; 1000; 1190973; 173817607; 1; 0; 48; 1300; 0; 1; 0; 0; 0; 268435454
268435455; 43020; 172776610; 0; 1000; 1190973; 173817608; 1; 0; 49; 0; 0; 1; 0; 0; 0; 268435454
268435455; 43021; 172779060; 0; 1000; 1190973; 173817609; 1; 0; 50; 2650; 0; 1; 0; 0; 0; 268435454
268435455; 43022; 172779170; 0; 1000; 1190973; 173817610; 1; 0; 51; 1100; 0; 1; 0; 0; 0; 268435454
268435455; 43023; 172781780; 0; 1000; 1190973; 173817611; 1; 0; 52; 1500; 0; 1; 0; 0; 0; 268435454
268435455; 43024; 172781890; 0; 1000; 1190973; 173817612; 1; 0; 53; 1062; 0; 1; 1; 800; 0; 268435454
268435455; 43025; 172785788; 0; 1000; 1190973; 173817613; 1; 0; 54; 1209; 0; 1; 3; 800; 0; 268435454
268435455; 43026; 172785898; 0; 1000; 1190973; 173817614; 1; 0; 55; 0; 0; 1; 5; 800; 0; 268435454
268435455; 43027; 172790252; 0; 1000; 1190973; 173817615; 1; 0; 56; 1152; 0; 1; 7; 800; 0; 268435454
268435455; 43028; 172792740; 0; 1000; 1190973; 173817616; 1; 0; 57; 0; 0; 1; 9; 800; 0; 268435454
268435455; 43029; 172792850; 0; 1000; 1190973; 173817617; 1; 0; 58; 2235; 0; 1; 11; 800; 0; 268435454
268435455; 43030; 172796300; 0; 1000; 1190973; 173817618; 1; 0; 59; 0; 0; 1; 13; 800; 0; 268435454
268435455; 43031; 172796410; 0; 1000; 1190973; 173817619; 1; 0; 61; 900; 0; 1; 15; 800; 0; 268435454
268435455; 43032; 172799028; 0; 1000; 1190973; 173817620; 1; 0; 62; 1100; 0; 1; 17; 800; 0; 268435454
268435455; 43033; 172799138; 0; 1000; 1190973; 173817621; 1; 0; 63; 1100; 0; 1; 19; 800; 0; 268435454
268435455; 43034; 172801740; 0; 1000; 1190973; 173817622; 1; 0; 64; 51; 0; 1; 21; 800; 0; 268435454
268435455; 43035; 172801850; 0; 1000; 1190973; 173817623; 1; 0; 65; 7; 0; 1; 23; 800; 0; 268435454
268435455; 43036; 172804540; 0; 1000; 1190973; 173817624; 1; 0; 66; 13; 0; 1; 25; 800; 0; 268435454
268435455; 43037; 172804650; 0; 1000; 1190973; 173817625; 1; 0; 67; 33; 0; 1; 27; 800; 0; 268435454
268435455; 43038; 172807156; 0; 1000; 1190973; 173817626; 1; 0; 68; 20; 0; 1; 29; 800; 0; 268435454
268435455; 43039; 172807266; 0; 1000; 1190973; 173817627; 1; 0; 69; 40; 0; 1; 31; 800; 0; 268435454
268435455; 43040; 172810534; 0; 1000; 1190973; 173817628; 1; 0; 70; 33; 0; 1; 48; 1300; 0; 268435454
268435455; 43041; 172813110; 0; 1000; 1190973; 173817629; 1; 0; 71; 53; 0; 1; 49; 0; 0; 268435454
268435455; 43042; 172815606; 0; 1000; 1190973; 173817630; 1; 0; 72; 56; 0; 1; 50; 2650; 0; 268435454
268435455; 43043; 172818014; 0; 1000; 1190973; 173817631; 1; 0; 73; 12; 0; 1; 51; 1100; 0; 268435454
268435455; 43044; 172820494; 0; 1000; 1190973; 173817632; 1; 0; 74; 40; 0; 1; 52; 1500; 0; 268435454
268435455; 43045; 172822990; 0; 1000; 1190973; 173817633; 1; 0; 75; 58; 0; 1; 53; 1062; 0; 268435454
268435455; 43046; 172825510; 0; 1000; 1190973; 173817634; 1; 0; 76; 737; 0; 1; 54; 1209; 0; 268435454
268435455; 43047; 172827900; 0; 1000; 1190973; 173817635; 1; 0; 77; 3112; 0; 1; 55; 0; 0; 268435454
268435455; 43048; 172828010; 0; 1000; 1190973; 173817636; 1; 0; 78; 1152; 0; 1; 56; 1152; 0; 268435454
268435455; 43049; 172830764; 0; 1000; 1190973; 173817637; 1; 0; 79; 2730; 0; 1; 57; 0; 0; 268435454
268435455; 43050; 172830872; 0; 1000; 1190973; 173817638; 1; 0; 49152; 0; 0; 1; 58; 2235; 0; 268435454
268435455; 43051; 172833420; 0; 1000; 1190973; 173817639; 1; 0; 49153; 0; 0; 1; 59; 0; 0; 268435454
268435455; 43052; 172833530; 0; 1000; 1190973; 173817640; 1; 0; 49154; 0; 0; 1; 61; 900; 0; 268435454
268435455; 43053; 172836996; 0; 1000; 1190973; 173817641; 1; 0; 49155; 0; 0; 1; 62; 1100; 0; 268435454
268435455; 43054; 172837106; 0; 1000; 1190973; 173817642; 1; 0; 49156; 0; 0; 1; 63; 1100; 0; 268435454
268435455; 43055; 172840420; 0; 1000; 1190973; 173817643; 1; 0; 49157; 0; 0; 1; 64; 51; 0; 268435454
268435455; 43056; 172840530; 0; 1000; 1190973; 173817644; 1; 0; 49158; 0; 0; 1; 65; 7; 0; 268435454
268435455; 43057; 172845052; 0; 1000; 1190973; 173817645; 1; 0; 49159; 0; 0; 1; 66; 13; 0; 268435454
268435455; 43058; 172847420; 0; 1000; 1190973; 173817646; 1; 0; 49160; 0; 0; 1; 67; 33; 0; 268435454
268435455; 43059; 172849932; 0; 1000; 1190973; 173817647; 1; 0; 49161; 0; 0; 1; 68; 20; 0; 268435454
268435455; 43060; 172852348; 0; 1000; 1190973; 173817648; 1; 0; 49162; 0; 0; 1; 69; 40; 0; 268435454
268435455; 43061; 172852460; 0; 1000; 1190973; 173817649; 1; 0; 49163; 0; 0; 1; 70; 33; 0; 268435454
268435455; 43062; 172855574; 0; 1000; 1190973; 173817650; 1; 0; 49164; 0; 0; 1; 71; 53; 0; 268435454
268435455; 43063; 172855684; 0; 1000; 1190973; 173817651; 1; 0; 49165; 0; 0; 1; 72; 56; 0; 268435454
268435455; 43064; 172858214; 0; 1000; 1190973; 173817652; 1; 0; 49166; 0; 0; 1; 73; 12; 0; 268435454
268435455; 43065; 172858324; 0; 1000; 1190973; 173817653; 1; 0; 49167; 0; 0; 1; 74; 40; 0; 268435454
268435455; 43066; 172860942; 0; 1000; 1190973; 173817654; 1; 0; 49168; 0; 0; 1; 75; 58; 0; 268435454
268435455; 43067; 172861052; 0; 1000; 1190973; 173817655; 1; 0; 128; 2050; 0; 1; 76; 737; 0; 268435454
268435455; 43068; 172863974; 0; 1000; 1190973; 173817656; 1; 0; 130; 3190; 0; 1; 77; 3112; 0; 268435454
268435455; 43069; 172864084; 0; 1000; 1190973; 173817657; 1; 0; 132; 3225; 0; 1; 78; 1152; 0; 268435454
268435455; 43070; 172864194; 0; 1000; 1190973; 173817658; 1; 0; 134; 3209; 0; 1; 79; 2730; 0; 268435454
268435455; 43071; 172867518; 0; 1000; 1190973; 173817659; 1; 0; 136; 3227; 0; 1; 49152; 0; 0; 268435454
268435455; 43072; 172867628; 0; 1000; 1190973; 173817660; 1; 0; 138; 3219; 0; 1; 49153; 0; 0; 268435454
268435455; 43073; 172871254; 0; 1000; 1190973; 173817661; 1; 0; 140; 3197; 0; 1; 49154; 0; 0; 268435454
268435455; 43074; 172873638; 0; 1000; 1190973; 173817662; 1; 0; 142; 3213; 0; 1; 49155; 0; 0; 268435454
268435455; 43075; 172876270; 0; 1000; 1190973; 173817663; 1; 0; 144; 3217; 0; 1; 49156; 0; 0; 268435454
268435455; 43076; 172876380; 0; 1000; 1190973; 173817664; 1; 0; 146; 3211; 0; 1; 49157; 0; 0; 268435454
268435455; 43077; 172881142; 0; 1000; 1190973; 173817665; 1; 0; 148; 3231; 0; 1; 49158; 0; 0; 268435454
268435455; 43078; 172881252; 0; 1000; 1190973; 173817666; 1; 0; 150; 3195; 0; 1; 49159; 0; 0; 268435454
268435455; 43079; 172884014; 0; 1000; 1190973; 173817667; 1; 0; 152; 3217; 0; 1; 49160; 0; 0; 268435454
268435455; 43080; 172884124; 0; 1000; 1190973; 173817668; 1; 0; 154; 3215; 0; 1; 49161; 0; 0; 268435454
268435455; 43081; 172886774; 0; 1000; 1190973; 173817669; 1; 0; 156; 3189; 0; 1; 49162; 0; 0; 268435454
268435455; 43082; 172886884; 0; 1000; 1190973; 173817670; 1; 0; 49168; 0; 0; 1; 49163; 0; 0; 268435454
268435455; 43083; 172889670; 0; 1000; 1190973; 173817671; 1; 0; 49169; 0; 0; 1; 49164; 0; 0; 268435454
268435455; 43084; 172892126; 0; 1000; 1190973; 173817672; 1; 0; 49170; 0; 0; 1; 49165; 0; 0; 268435454
268435455; 43085; 172892236; 0; 1000; 1190973; 173817673; 1; 0; 49171; 0; 0; 1; 49166; 0; 0; 268435454
268435455; 43086; 172892346; 0; 1000; 1190973; 173817674; 1; 0; 49172; 0; 0; 1; 49167; 0; 0; 268435454
268435455; 43087; 172895254; 0; 1000; 1190973; 173817675; 1; 0; 49173; 0; 0; 1; 49168; 0; 0; 268435454
268435455; 43088; 172895364; 0; 1000; 1190973; 173817676; 1; 0; 49174; 0; 0; 1; 128; 2050; 0; 268435454
268435455; 43089; 172897816; 0; 1000; 1190973; 173817677; 1; 0; 49175; 0; 0; 1; 130; 3190; 0; 268435454
268435455; 43090; 172897926; 0; 1000; 1190973; 173817678; 1; 0; 49176; 0; 0; 1; 132; 3225; 0; 268435454
268435455; 43091; 172901672; 0; 1000; 1190973; 173817679; 1; 0; 49177; 0; 0; 1; 134; 3209; 0; 268435454
268435455; 43092; 172901782; 0; 1000; 1190973; 173817680; 1; 0; 49178; 0; 0; 1; 136; 3227; 0; 268435454
268435455; 43093; 172905480; 0; 1000; 1190973; 173817681; 1; 0; 49179; 0; 0; 1; 138; 3219; 0; 268435454
268435455; 43094; 172905590; 0; 1000; 1190973; 173817682; 1; 0; 49180; 0; 0; 1; 140; 3197; 0; 268435454
268435455; 43095; 172905700; 0; 1000; 1190973; 173817683; 1; 0; 49181; 0; 0; 1; 142; 3213; 0; 268435454
268435455; 43096; 172908512; 0; 1000; 1190973; 173817684; 1; 0; 49182; 0; 0; 1; 144; 3217; 0; 268435454
268435455; 43097; 172908622; 0; 1000; 1190973; 173817685; 1; 0; 49183; 0; 0; 1; 146; 3211; 0; 268435454
268435455; 43098; 172908732; 0; 1000; 1190973; 173817686; 1; 0; 49184; 0; 0; 1; 148; 3231; 0; 268435454
268435455; 43099; 172911784; 0; 1000; 1190973; 173817687; 1; 0; 256; 2050; 0; 1; 150; 3195; 0; 268435454
268435455; 43100; 172911894; 0; 1000; 1190973; 173817688; 1; 0; 258; 3224; 0; 1; 152; 3217; 0; 268435454
268435455; 43101; 172912004; 0; 1000; 1190973; 173817689; 1; 0; 260; 3175; 0; 1; 154; 3215; 0; 268435454
268435455; 43102; 172915024; 0; 1000; 1190973; 173817690; 1; 0; 262; 3223; 0; 1; 156; 3189; 0; 268435454
268435455; 43103; 172915134; 0; 1000; 1190973; 173817691; 1; 0; 264; 3198; 0; 1; 49168; 0; 0; 268435454
268435455; 43104; 172915244; 0; 1000; 1190973; 173817692; 1; 0; 266; 3212; 0; 1; 49169; 0; 0; 268435454
268435455; 43105; 172918016; 0; 1000; 1190973; 173817693; 1; 0; 268; 3195; 0; 1; 49170; 0; 0; 268435454
268435455; 43106; 172918124; 0; 1000; 1190973; 173817694; 1; 0; 270; 3211; 0; 1; 49171; 0; 0; 268435454
268435455; 43107; 172921872; 0; 1000; 1190973; 173817695; 1; 0; 272; 3209; 0; 1; 49172; 0; 0; 268435454
268435455; 43108; 172921982; 0; 1000; 1190973; 173817696; 1; 0; 274; 3195; 0; 1; 49173; 0; 0; 268435454
268435455; 43109; 172926520; 0; 1000; 1190973; 173817697; 1; 0; 276; 3312; 0; 1; 49174; 0; 0; 268435454
268435455; 43110; 172926630; 0; 1000; 1190973; 173817698; 1; 0; 278; 3215; 0; 1; 49175; 0; 0; 268435454
268435455; 43111; 172926740; 0; 1000; 1190973; 173817699; 1; 0; 280; 3166; 0; 1; 49176; 0; 0; 268435454
268435455; 43112; 172929616; 0; 1000; 1190973; 173817700; 1; 0; 282; 3203; 0; 1; 49177; 0; 0; 268435454
268435455; 43113; 172929726; 0; 1000; 1190973; 173817701; 1; 0; 284; 3165; 0; 1; 49178; 0; 0; 268435454
268435455; 43114; 172929836; 0; 1000; 1190973; 173817702; 1; 0; 49184; 0; 0; 1; 49179; 0; 0; 268435454
268435455; 43115; 172932768; 0; 1000; 1190973; 173817703; 1; 0; 49185; 0; 0; 1; 49180; 0; 0; 268435454
268435455; 43116; 172932878; 0; 1000; 1190973; 173817704; 1; 0; 49186; 0; 0; 1; 49181; 0; 0; 268435454
268435455; 43117; 172932988; 0; 1000; 1190973; 173817705; 1; 0; 49187; 0; 0; 1; 49182; 0; 0; 268435454
268435455; 43118; 172936040; 0; 1000; 1190973; 173817706; 1; 0; 49188; 0; 0; 1; 49183; 0; 0; 268435454
268435455; 43119; 172936150; 0; 1000; 1190973; 173817707; 1; 0; 49189; 0; 0; 1; 49184; 0; 0; 268435454
268435455; 43120; 172936260; 0; 1000; 1190973; 173817708; 1; 0; 49190; 0; 0; 1; 256; 2050; 0; 268435454
268435455; 43121; 172939080; 0; 1000; 1190973; 173817709; 1; 0; 49191; 0; 0; 1; 258; 3224; 0; 268435454
268435455; 43122; 172939190; 0; 1000; 1190973; 173817710; 1; 0; 49192; 0; 0; 1; 260; 3175; 0; 268435454
268435455; 43123; 172942146; 0; 1000; 1190973; 173817711; 1; 0; 49193; 0; 0; 1; 262; 3223; 0; 268435454
268435455; 43124; 172944618; 0; 1000; 1190973; 173817712; 1; 0; 49194; 0; 0; 1; 264; 3198; 0; 268435454
268435455; 43125; 172944728; 0; 1000; 1190973; 173817713; 1; 0; 49195; 0; 0; 1; 266; 3212; 0; 268435454
268435455; 43126; 172948202; 0; 1000; 1190973; 173817714; 1; 0; 49196; 0; 0; 1; 268; 3195; 0; 268435454
268435455; 43127; 172948312; 0; 1000; 1190973; 173817715; 1; 0; 49197; 0; 0; 1; 270; 3211; 0; 268435454
268435455; 43128; 172951962; 0; 1000; 1190973; 173817716; 1; 0; 49198; 0; 0; 1; 272; 3209; 0; 268435454
268435455; 43129; 172952072; 0; 1000; 1190973; 173817717; 1; 0; 49199; 0; 0; 1; 274; 3195; 0; 268435454
268435455; 43130; 172952182; 0; 1000; 1190973; 173817718; 1; 0; 49200; 0; 0; 1; 276; 3312; 0; 268435454
268435455; 43131; 172955186; 0; 1000; 1190973; 173817719; 1; 0; 384; 2050; 0; 1; 278; 3215; 0; 268435454
268435455; 43132; 172955296; 0; 1000; 1190973; 173817720; 1; 0; 386; 2050; 0; 1; 280; 3166; 0; 268435454
268435455; 43133; 172957770; 0; 1000; 1190973; 173817721; 1; 0; 388; 2050; 0; 1; 282; 3203; 0; 268435454
268435455; 43134; 172957880; 0; 1000; 1190973; 173817722; 1; 0; 390; 3247; 0; 1; 284; 3165; 0; 268435454
268435455; 43135; 172957990; 0; 1000; 1190973; 173817723; 1; 0; 392; 3370; 0; 1; 49184; 0; 0; 268435454
268435455; 43136; 172960538; 0; 1000; 1190973; 173817724; 1; 0; 394; 3659; 0; 1; 49185; 0; 0; 268435454
268435455; 43137; 172960648; 0; 1000; 1190973; 173817725; 1; 0; 396; 3215; 0; 1; 49186; 0; 0; 268435454
268435455; 43138; 172960758; 0; 1000; 1190973; 173817726; 1; 0; 398; 3251; 0; 1; 49187; 0; 0; 268435454
268435455; 43139; 172963530; 0; 1000; 1190973; 173817727; 1; 0; 400; 3254; 0; 1; 49188; 0; 0; 268435454
268435455; 43140; 172963640; 0; 1000; 1190973; 173817728; 1; 0; 402; 3263; 0; 1; 49189; 0; 0; 268435454
268435455; 43141; 172963750; 0; 1000; 1190973; 173817729; 1; 0; 404; 3264; 0; 1; 49190; 0; 0; 268435454
268435455; 43142; 172966730; 0; 1000; 1190973; 173817730; 1; 0; 406; 3261; 0; 1; 49191; 0; 0; 268435454
268435455; 43143; 172966840; 0; 1000; 1190973; 173817731; 1; 0; 408; 3255; 0; 1; 49192; 0; 0; 268435454
268435455; 43144; 172969482; 0; 1000; 1190973; 173817732; 1; 0; 410; 3253; 0; 1; 49193; 0; 0; 268435454
268435455; 43145; 172969592; 0; 1000; 1190973; 173817733; 1; 0; 412; 3258; 0; 1; 49194; 0; 0; 268435454
268435455; 43146; 172972106; 0; 1000; 1190973; 173817734; 1; 0; 49200; 0; 0; 1; 49195; 0; 0; 268435454
268435455; 43147; 172972216; 0; 1000; 1190973; 173817735; 1; 0; 49201; 0; 0; 1; 49196; 0; 0; 268435454
268435455; 43148; 172972326; 0; 1000; 1190973; 173817736; 1; 0; 49202; 0; 0; 1; 49197; 0; 0; 268435454
268435455; 43149; 172975418; 0; 1000; 1190973; 173817737; 1; 0; 49203; 0; 0; 1; 49198; 0; 0; 268435454
268435455; 43150; 172975528; 0; 1000; 1190973; 173817738; 1; 0; 49204; 0; 0; 1; 49199; 0; 0; 268435454
268435455; 43151; 172975638; 0; 1000; 1190973; 173817739; 1; 0; 49205; 0; 0; 1; 49200; 0; 0; 268435454
268435455; 43152; 172978458; 0; 1000; 1190973; 173817740; 1; 0; 49206; 0; 0; 1; 384; 2050; 0; 268435454
268435455; 43153; 172978568; 0; 1000; 1190973; 173817741; 1; 0; 49207; 0; 0; 1; 386; 2050; 0; 268435454
268435455; 43154; 172978678; 0; 1000; 1190973; 173817742; 1; 0; 49208; 0; 0; 1; 388; 2050; 0; 268435454
268435455; 43155; 172981650; 0; 1000; 1190973; 173817743; 1; 0; 49209; 0; 0; 1; 390; 3247; 0; 268435454
268435455; 43156; 172981760; 0; 1000; 1190973; 173817744; 1; 0; 49210; 0; 0; 1; 392; 3370; 0; 268435454
268435455; 43157; 172981870; 0; 1000; 1190973; 173817745; 1; 0; 49211; 0; 0; 1; 394; 3659; 0; 268435454
268435455; 43158; 172984740; 0; 1000; 1190973; 173817746; 1; 0; 49212; 0; 0; 1; 396; 3215; 0; 268435454
268435455; 43159; 172984850; 0; 1000; 1190973; 173817747; 1; 0; 49213; 0; 0; 1; 398; 3251; 0; 268435454
268435455; 43160; 172984960; 0; 1000; 1190973; 173817748; 1; 0; 49214; 0; 0; 1; 400; 3254; 0; 268435454
268435455; 43161; 172987746; 0; 1000; 1190973; 173817749; 1; 0; 49215; 0; 0; 1; 402; 3263; 0; 268435454
268435455; 43162; 172987856; 0; 1000; 1190973; 173817750; 1; 0; 49216; 0; 0; 1; 404; 3264; 0; 268435454
268435455; 43163; 172987966; 0; 1000; 1190973; 173817751; 1; 0; 512; 2050; 0; 1; 406; 3261; 0; 268435454
268435455; 43164; 172991130; 0; 1000; 1190973; 173817752; 1; 0; 514; 3273; 0; 1; 408; 3255; 0; 268435454
268435455; 43165; 172991240; 0; 1000; 1190973; 173817753; 1; 0; 516; 3260; 0; 1; 410; 3253; 0; 268435454
268435455; 43166; 172991350; 0; 1000; 1190973; 173817754; 1; 0; 518; 3274; 0; 1; 412; 3258; 0; 268435454
268435455; 43167; 172994114; 0; 1000; 1190973; 173817755; 1; 0; 520; 3257; 0; 1; 49200; 0; 0; 268435454
268435455; 43168; 172994224; 0; 1000; 1190973; 173817756; 1; 0; 522; 3282; 0; 1; 49201; 0; 0; 268435454
268435455; 43169; 172994334; 0; 1000; 1190973; 173817757; 1; 0; 524; 3266; 0; 1; 49202; 0; 0; 268435454
268435455; 43170; 172997346; 0; 1000; 1190973; 173817758; 1; 0; 526; 2050; 0; 1; 49203; 0; 0; 268435454
268435455; 43171; 172997456; 0; 1000; 1190973; 173817759; 1; 0; 528; 3252; 0; 1; 49204; 0; 0; 268435454
268435455; 43172; 172997566; 0; 1000; 1190973; 173817760; 1; 0; 530; 3258; 0; 1; 49205; 0; 0; 268435454
268435455; 43173; 173000458; 0; 1000; 1190973; 173817761; 1; 0; 532; 3245; 0; 1; 49206; 0; 0; 268435454
268435455; 43174; 173000568; 0; 1000; 1190973; 173817762; 1; 0; 534; 3229; 0; 1; 49207; 0; 0; 268435454
268435455; 43175; 173000678; 0; 1000; 1190973; 173817763; 1; 0; 536; 3262; 0; 1; 49208; 0; 0; 268435454
268435455; 43176; 173003474; 0; 1000; 1190973; 173817764; 1; 0; 538; 3265; 0; 1; 49209; 0; 0; 268435454
268435455; 43177; 173003584; 0; 1000; 1190973; 173817765; 1; 0; 540; 3262; 0; 1; 49210; 0; 0; 268435454
268435455; 43178; 173003694; 0; 1000; 1190973; 173817766; 1; 0; 49216; 0; 0; 1; 49211; 0; 0; 268435454
268435455; 43179; 173006786; 0; 1000; 1190973; 173817767; 1; 0; 49217; 0; 0; 1; 49212; 0; 0; 268435454
268435455; 43180; 173006896; 0; 1000; 1190973; 173817768; 1; 0; 49218; 0; 0; 1; 49213; 0; 0; 268435454
268435455; 43181; 173007006; 0; 1000; 1190973; 173817769; 1; 0; 49219; 0; 0; 1; 49214; 0; 0; 268435454
268435455; 43182; 173010042; 0; 1000; 1190973; 173817770; 1; 0; 49220; 0; 0; 1; 49215; 0; 0; 268435454
268435455; 43183; 173010152; 0; 1000; 1190973; 173817771; 1; 0; 49221; 0; 0; 1; 49216; 0; 0; 268435454
268435455; 43184; 173010262; 0; 1000; 1190973; 173817772; 1; 0; 49222; 0; 0; 1; 512; 2050; 0; 268435454
268435455; 43185; 173013122; 0; 1000; 1190973; 173817773; 1; 0; 49223; 0; 0; 1; 514; 3273; 0; 268435454
268435455; 43186; 173013232; 0; 1000; 1190973; 173817774; 1; 0; 49224; 0; 0; 1; 516; 3260; 0; 268435454
268435455; 43187; 173013342; 0; 1000; 1190973; 173817775; 1; 0; 49225; 0; 0; 1; 518; 3274; 0; 268435454
268435455; 43188; 173016274; 0; 1000; 1190973; 173817776; 1; 0; 49226; 0; 0; 1; 520; 3257; 0; 268435454
268435455; 43189; 173016384; 0; 1000; 1190973; 173817777; 1; 0; 49227; 0; 0; 1; 522; 3282; 0; 268435454
268435455; 43190; 173016494; 0; 1000; 1190973; 173817778; 1; 0; 49228; 0; 0; 1; 524; 3266; 0; 268435454
268435455; 43191; 173019410; 0; 1000; 1190973; 173817779; 1; 0; 49229; 0; 0; 1; 526; 2050; 0; 268435454
268435455; 43192; 173019520; 0; 1000; 1190973; 173817780; 1; 0; 49230; 0; 0; 1; 528; 3252; 0; 268435454
268435455; 43193; 173019630; 0; 1000; 1190973; 173817781; 1; 0; 49231; 0; 0; 1; 530; 3258; 0; 268435454
268435455; 43194; 173022546; 0; 1000; 1190973; 173817782; 1; 0; 49232; 0; 0; 1; 532; 3245; 0; 268435454
268435455; 43195; 173022656; 0; 1000; 1190973; 173817783; 1; 0; 640; 2050; 0; 1; 534; 3229; 0; 268435454
268435455; 43196; 173022766; 0; 1000; 1190973; 173817784; 1; 0; 642; 2050; 0; 1; 536; 3262; 0; 268435454
268435455; 43197; 173025666; 0; 1000; 1190973; 173817785; 1; 0; 644; 2050; 0; 1; 538; 3265; 0; 268435454
268435455; 43198; 173025776; 0; 1000; 1190973; 173817786; 1; 0; 646; 3200; 0; 1; 540; 3262; 0; 268435454
268435455; 43199; 173025886; 0; 1000; 1190973; 173817787; 1; 0; 648; 3200; 0; 1; 49216; 0; 0; 268435454
268435455; 43200; 173028556; 0; 1000; 1190973; 173817788; 1; 0; 650; 3200; 0; 1; 49217; 0; 0; 268435454
268435455; 43201; 173028666; 0; 1000; 1190973; 173817789; 1; 0; 652; 3200; 0; 1; 49218; 0; 0; 268435454
268435455; 43202; 173028776; 0; 1000; 1190973; 173817790; 1; 0; 654; 3200; 0; 1; 49219; 0; 0; 268435454
268435455; 43203; 173031892; 0; 1000; 1190973; 173817791; 1; 0; 656; 3300; 0; 1; 49220; 0; 0; 268435454
268435455; 43204; 173032002; 0; 1000; 1190973; 173817792; 1; 0; 658; 2050; 0; 1; 49221; 0; 0; 268435454
268435455; 43205; 173032112; 0; 1000; 1190973; 173817793; 1; 0; 660; 2050; 0; 1; 49222; 0; 0; 268435454
268435455; 43206; 173035084; 0; 1000; 1190973; 173817794; 1; 0; 662; 2050; 0; 1; 49223; 0; 0; 268435454
268435455; 43207; 173035194; 0; 1000; 1190973; 173817795; 1; 0; 664; 3200; 0; 1; 49224; 0; 0; 268435454
268435455; 43208; 173035304; 0; 1000; 1190973; 173817796; 1; 0; 666; 2050; 0; 1; 49225; 0; 0; 268435454
268435455; 43209; 173038204; 0; 1000; 1190973; 173817797; 1; 0; 668; 2050; 0; 1; 49226; 0; 0; 268435454
268435455; 43210; 173038314; 0; 1000; 1190973; 173817798; 1; 0; 49232; 0; 0; 1; 49227; 0; 0; 268435454
268435455; 43211; 173038424; 0; 1000; 1190973; 173817799; 1; 0; 49233; 0; 0; 1; 49228; 0; 0; 268435454
268435455; 43212; 173041316; 0; 1000; 1190973; 173817800; 1; 0; 49234; 0; 0; 1; 49229; 0; 0; 268435454
268435455; 43213; 173041426; 0; 1000; 1190973; 173817801; 1; 0; 49235; 0; 0; 1; 49230; 0; 0; 268435454
268435455; 43214; 173041536; 0; 1000; 1190973; 173817802; 1; 0; 49236; 0; 0; 1; 49231; 0; 0; 268435454
268435455; 43215; 173044364; 0; 1000; 1190973; 173817803; 1; 0; 49237; 0; 0; 1; 49232; 0; 0; 268435454
268435455; 43216; 173044474; 0; 1000; 1190973; 173817804; 1; 0; 49238; 0; 0; 1; 640; 2050; 0; 268435454
268435455; 43217; 173044584; 0; 1000; 1190973; 173817805; 1; 0; 49239; 0; 0; 1; 642; 2050; 0; 268435454
268435455; 43218; 173047468; 0; 1000; 1190973; 173817806; 1; 0; 49240; 0; 0; 1; 644; 2050; 0; 268435454
268435455; 43219; 173047578; 0; 1000; 1190973; 173817807; 1; 0; 49241; 0; 0; 1; 646; 3200; 0; 268435454
268435455; 43220; 173047688; 0; 1000; 1190973; 173817808; 1; 0; 49242; 0; 0; 1; 648; 3200; 0; 268435454
268435455; 43221; 173050540; 0; 1000; 1190973; 173817809; 1; 0; 49243; 0; 0; 1; 650; 3200; 0; 268435454
268435455; 43222; 173050650; 0; 1000; 1190973; 173817810; 1; 0; 49244; 0; 0; 1; 652; 3200; 0; 268435454
268435455; 43223; 173050760; 0; 1000; 1190973; 173817811; 1; 0; 49245; 0; 0; 1; 654; 3200; 0; 268435454
268435455; 43224; 173053524; 0; 1000; 1190973; 173817812; 1; 0; 49246; 0; 0; 1; 656; 3300; 0; 268435454
268435455; 43225; 173053634; 0; 1000; 1190973; 173817813; 1; 0; 49247; 0; 0; 1; 658; 2050; 0; 268435454
268435455; 43226; 173053744; 0; 1000; 1190973; 173817814; 1; 0; 49248; 0; 0; 1; 660; 2050; 0; 268435454
268435455; 43227; 173057364; 0; 1000; 1190973; 173817815; 1; 0; 768; 2050; 0; 1; 662; 2050; 0; 268435454
268435455; 43228; 173057474; 0; 1000; 1190973; 173817816; 1; 0; 770; 3233; 0; 1; 664; 3200; 0; 268435454
268435455; 43229; 173061444; 0; 1000; 1190973; 173817817; 1; 0; 772; 2050; 0; 1; 666; 2050; 0; 268435454
268435455; 43230; 173061554; 0; 1000; 1190973; 173817818; 1; 0; 774; 3284; 0; 1; 668; 2050; 0; 268435454
268435455; 43231; 173065220; 0; 1000; 1190973; 173817819; 1; 0; 776; 3289; 0; 1; 49232; 0; 0; 268435454
268435455; 43232; 173065330; 0; 1000; 1190973; 173817820; 1; 0; 778; 3284; 0; 1; 49233; 0; 0; 268435454
268435455; 43233; 173068492; 0; 1000; 1190973; 173817821; 1; 0; 780; 3308; 0; 1; 49234; 0; 0; 268435454
268435455; 43234; 173068602; 0; 1000; 1190973; 173817822; 1; 0; 782; 3251; 0; 1; 49235; 0; 0; 268435454
268435455; 43235; 173068712; 0; 1000; 1190973; 173817823; 1; 0; 784; 3270; 0; 1; 49236; 0; 0; 268435454
268435455; 43236; 173071708; 0; 1000; 1190973; 173817824; 1; 0; 786; 3284; 0; 1; 49237; 0; 0; 268435454
268435455; 43237; 173071820; 0; 1000; 1190973; 173817825; 1; 0; 788; 3268; 0; 1; 49238; 0; 0; 268435454
268435455; 43238; 173071930; 0; 1000; 1190973; 173817826; 1; 0; 790; 2050; 0; 1; 49239; 0; 0; 268435454
268435455; 43239; 173075022; 0; 1000; 1190973; 173817827; 1; 0; 792; 3265; 0; 1; 49240; 0; 0; 268435454
268435455; 43240; 173075132; 0; 1000; 1190973; 173817828; 1; 0; 794; 3278; 0; 1; 49241; 0; 0; 268435454
268435455; 43241; 173075242; 0; 1000; 1190973; 173817829; 1; 0; 796; 3269; 0; 1; 49242; 0; 0; 268435454
268435455; 43242; 173078118; 0; 1000; 1190973; 173817830; 1; 0; 49248; 0; 0; 1; 49243; 0; 0; 268435454
268435455; 43243; 173078228; 0; 1000; 1190973; 173817831; 1; 0; 49249; 0; 0; 1; 49244; 0; 0; 268435454
268435455; 43244; 173078338; 0; 1000; 1190973; 173817832; 1; 0; 49250; 0; 0; 1; 49245; 0; 0; 268435454
268435455; 43245; 173081238; 0; 1000; 1190973; 173817833; 1; 0; 49251; 0; 0; 1; 49246; 0; 0; 268435454
268435455; 43246; 173081348; 0; 1000; 1190973; 173817834; 1; 0; 49252; 0; 0; 1; 49247; 0; 0; 268435454
268435455; 43247; 173081458; 0; 1000; 1190973; 173817835; 1; 0; 49253; 0; 0; 1; 49248; 0; 0; 268435454
268435455; 43248; 173084462; 0; 1000; 1190973; 173817836; 1; 0; 49254; 0; 0; 1; 768; 2050; 0; 268435454
268435455; 43249; 173084572; 0; 1000; 1190973; 173817837; 1; 0; 49255; 0; 0; 1; 770; 3233; 0; 268435454
268435455; 43250; 173084682; 0; 1000; 1190973; 173817838; 1; 0; 49256; 0; 0; 1; 772; 2050; 0; 268435454
268435455; 43251; 173087630; 0; 1000; 1190973; 173817839; 1; 0; 49257; 0; 0; 1; 774; 3284; 0; 268435454
268435455; 43252; 173087740; 0; 1000; 1190973; 173817840; 1; 0; 49258; 0; 0; 1; 776; 3289; 0; 268435454
268435455; 43253; 173090166; 0; 1000; 1190973; 173817841; 1; 0; 49259; 0; 0; 1; 778; 3284; 0; 268435454
268435455; 43254; 173090276; 0; 1000; 1190973; 173817842; 1; 0; 49260; 0; 0; 1; 780; 3308; 0; 268435454
268435455; 43255; 173093974; 0; 1000; 1190973; 173817843; 1; 0; 49261; 0; 0; 1; 782; 3251; 0; 268435454
268435455; 43256; 173094082; 0; 1000; 1190973; 173817844; 1; 0; 49262; 0; 0; 1; 784; 3270; 0; 268435454
268435455; 43257; 173098390; 0; 1000; 1190973; 173817845; 1; 0; 49263; 0; 0; 1; 786; 3284; 0; 268435454
268435455; 43258; 173098500; 0; 1000; 1190973; 173817846; 1; 0; 49264; 0; 0; 1; 788; 3268; 0; 268435454
268435455; 43259; 173098610; 0; 1000; 1190973; 173817847; 1; 0; 896; 2050; 0; 1; 790; 2050; 0; 268435454
268435455; 43260; 173101822; 0; 1000; 1190973; 173817848; 1; 0; 898; 3336; 0; 1; 792; 3265; 0; 268435454
268435455; 43261; 173101932; 0; 1000; 1190973; 173817849; 1; 0; 900; 3163; 0; 1; 794; 3278; 0; 268435454
268435455; 43262; 173104518; 0; 1000; 1190973; 173817850; 1; 0; 902; 3260; 0; 1; 796; 3269; 0; 268435454
268435455; 43263; 173104628; 0; 1000; 1190973; 173817851; 1; 0; 904; 3157; 0; 1; 49248; 0; 0; 268435454
268435455; 43264; 173104738; 0; 1000; 1190973; 173817852; 1; 0; 906; 3232; 0; 1; 49249; 0; 0; 268435454
268435455; 43265; 173107734; 0; 1000; 1190973; 173817853; 1; 0; 908; 3291; 0; 1; 49250; 0; 0; 268435454
268435455; 43266; 173107844; 0; 1000; 1190973; 173817854; 1; 0; 910; 3266; 0; 1; 49251; 0; 0; 268435454
268435455; 43267; 173107954; 0; 1000; 1190973; 173817855; 1; 0; 912; 3267; 0; 1; 49252; 0; 0; 268435454
268435455; 43268; 173111078; 0; 1000; 1190973; 173817856; 1; 0; 914; 3304; 0; 1; 49253; 0; 0; 268435454
268435455; 43269; 173111188; 0; 1000; 1190973; 173817857; 1; 0; 916; 3244; 0; 1; 49254; 0; 0; 268435454
268435455; 43270; 173111298; 0; 1000; 1190973; 173817858; 1; 0; 918; 3273; 0; 1; 49255; 0; 0; 268435454
268435455; 43271; 173114102; 0; 1000; 1190973; 173817859; 1; 0; 920; 3224; 0; 1; 49256; 0; 0; 268435454
268435455; 43272; 173114214; 0; 1000; 1190973; 173817860; 1; 0; 922; 3228; 0; 1; 49257; 0; 0; 268435454
268435455; 43273; 173117728; 0; 1000; 1190973; 173817861; 1; 0; 924; 3167; 0; 1; 49258; 0; 0; 268435454
268435455; 43274; 173117838; 0; 1000; 1190973; 173817862; 1; 0; 49264; 0; 0; 1; 49259; 0; 0; 268435454
268435455; 43275; 173121472; 0; 1000; 1190973; 173817863; 1; 0; 49265; 0; 0; 1; 49260; 0; 0; 268435454
268435455; 43276; 173121582; 0; 1000; 1190973; 173817864; 1; 0; 49266; 0; 0; 1; 49261; 0; 0; 268435454
268435455; 43277; 173124944; 0; 1000; 1190973; 173817865; 1; 0; 49267; 0; 0; 1; 49262; 0; 0; 268435454
268435455; 43278; 173125054; 0; 1000; 1190973; 173817866; 1; 0; 49268; 0; 0; 1; 49263; 0; 0; 268435454
268435455; 43279; 173125164; 0; 1000; 1190973; 173817867; 1; 0; 49269; 0; 0; 1; 49264; 0; 0; 268435454
268435455; 43280; 173128088; 0; 1000; 1190973; 173817868; 1; 0; 49270; 0; 0; 1; 896; 2050; 0; 268435454
268435455; 43281; 173128198; 0; 1000; 1190973; 173817869; 1; 0; 49271; 0; 0; 1; 898; 3336; 0; 268435454
268435455; 43282; 173128308; 0; 1000; 1190973; 173817870; 1; 0; 49272; 0; 0; 1; 900; 3163; 0; 268435454
268435455; 43283; 173131264; 0; 1000; 1190973; 173817871; 1; 0; 49273; 0; 0; 1; 902; 3260; 0; 268435454
268435455; 43284; 173131374; 0; 1000; 1190973; 173817872; 1; 0; 49274; 0; 0; 1; 904; 3157; 0; 268435454
268435455; 43285; 173131484; 0; 1000; 1190973; 173817873; 1; 0; 49275; 0; 0; 1; 906; 3232; 0; 268435454
268435455; 43286; 173134432; 0; 1000; 1190973; 173817874; 1; 0; 49276; 0; 0; 1; 908; 3291; 0; 268435454
268435455; 43287; 173134542; 0; 1000; 1190973; 173817875; 1; 0; 49277; 0; 0; 1; 910; 3266; 0; 268435454
268435455; 43288; 173134652; 0; 1000; 1190973; 173817876; 1; 0; 49278; 0; 0; 1; 912; 3267; 0; 268435454
268435455; 43289; 173137520; 0; 1000; 1190973; 173817877; 1; 0; 49279; 0; 0; 1; 914; 3304; 0; 268435454
268435455; 43290; 173137630; 0; 1000; 1190973; 173817878; 1; 0; 49280; 0; 0; 1; 916; 3244; 0; 268435454
268435455; 43291; 173137740; 0; 1000; 1190973; 173817879; 1; 0; 1024; 2050; 0; 1; 918; 3273; 0; 268435454
268435455; 43292; 173141864; 0; 1000; 1190973; 173817880; 1; 0; 1026; 3267; 0; 1; 920; 3224; 0; 268435454
268435455; 43293; 173141974; 0; 1000; 1190973; 173817881; 1; 0; 1028; 3266; 0; 1; 922; 3228; 0; 268435454
268435455; 43294; 173145536; 0; 1000; 1190973; 173817882; 1; 0; 1030; 3268; 0; 1; 924; 3167; 0; 268435454
268435455; 43295; 173145646; 0; 1000; 1190973; 173817883; 1; 0; 1032; 3309; 0; 1; 49264; 0; 0; 268435454
268435455; 43296; 173149008; 0; 1000; 1190973; 173817884; 1; 0; 1034; 3248; 0; 1; 49265; 0; 0; 268435454
268435455; 43297; 173149118; 0; 1000; 1190973; 173817885; 1; 0; 1036; 2050; 0; 1; 49266; 0; 0; 268435454
268435455; 43298; 173149228; 0; 1000; 1190973; 173817886; 1; 0; 1038; 3296; 0; 1; 49267; 0; 0; 268435454
268435455; 43299; 173152294; 0; 1000; 1190973; 173817887; 1; 0; 1040; 3271; 0; 1; 49268; 0; 0; 268435454
268435455; 43300; 173152404; 0; 1000; 1190973; 173817888; 1; 0; 1042; 3289; 0; 1; 49269; 0; 0; 268435454
268435455; 43301; 173152514; 0; 1000; 1190973; 173817889; 1; 0; 1044; 3332; 0; 1; 49270; 0; 0; 268435454
268435455; 43302; 173155350; 0; 1000; 1190973; 173817890; 1; 0; 1046; 3314; 0; 1; 49271; 0; 0; 268435454
268435455; 43303; 173155460; 0; 1000; 1190973; 173817891; 1; 0; 1048; 3343; 0; 1; 49272; 0; 0; 268435454
268435455; 43304; 173155570; 0; 1000; 1190973; 173817892; 1; 0; 1050; 3400; 0; 1; 49273; 0; 0; 268435454
268435455; 43305; 173158438; 0; 1000; 1190973; 173817893; 1; 0; 1052; 2050; 0; 1; 49274; 0; 0; 268435454
268435455; 43306; 173158548; 0; 1000; 1190973; 173817894; 1; 0; 49280; 0; 0; 1; 49275; 0; 0; 268435454
268435455; 43307; 173158660; 0; 1000; 1190973; 173817895; 1; 0; 49281; 0; 0; 1; 49276; 0; 0; 268435454
268435455; 43308; 173161600; 0; 1000; 1190973; 173817896; 1; 0; 49282; 0; 0; 1; 49277; 0; 0; 268435454
268435455; 43309; 173161710; 0; 1000; 1190973; 173817897; 1; 0; 49283; 0; 0; 1; 49278; 0; 0; 268435454
268435455; 43310; 173164760; 0; 1000; 1190973; 173817898; 1; 0; 49284; 0; 0; 1; 49279; 0; 0; 268435454
268435455; 43311; 173164870; 0; 1000; 1190973; 173817899; 1; 0; 49285; 0; 0; 1; 49280; 0; 0; 268435454
268435455; 43312; 173168392; 0; 1000; 1190973; 173817900; 1; 0; 49286; 0; 0; 1; 1024; 2050; 0; 268435454
268435455; 43313; 173168502; 0; 1000; 1190973; 173817901; 1; 0; 49287; 0; 0; 1; 1026; 3267; 0; 268435454
268435455; 43314; 173172008; 0; 1000; 1190973; 173817902; 1; 0; 49288; 0; 0; 1; 1028; 3266; 0; 268435454
268435455; 43315; 173172118; 0; 1000; 1190973; 173817903; 1; 0; 49289; 0; 0; 1; 1030; 3268; 0; 268435454
268435455; 43316; 173172228; 0; 1000; 1190973; 173817904; 1; 0; 49290; 0; 0; 1; 1032; 3309; 0; 268435454
268435455; 43317; 173175184; 0; 1000; 1190973; 173817905; 1; 0; 49291; 0; 0; 1; 1034; 3248; 0; 268435454
268435455; 43318; 173175294; 0; 1000; 1190973; 173817906; 1; 0; 49292; 0; 0; 1; 1036; 2050; 0; 268435454
268435455; 43319; 173175404; 0; 1000; 1190973; 173817907; 1; 0; 49293; 0; 0; 1; 1038; 3296; 0; 268435454
268435455; 43320; 173178240; 0; 1000; 1190973; 173817908; 1; 0; 49294; 0; 0; 1; 1040; 3271; 0; 268435454
268435455; 43321; 173178350; 0; 1000; 1190973; 173817909; 1; 0; 49295; 0; 0; 1; 1042; 3289; 0; 268435454
268435455; 43322; 173178460; 0; 1000; 1190973; 173817910; 1; 0; 49296; 0; 0; 1; 1044; 3332; 0; 268435454
268435455; 43323; 173181512; 0; 1000; 1190973; 173817911; 1; 0; 1152; 2050; 0; 1; 1046; 3314; 0; 268435454
268435455; 43324; 173181620; 0; 1000; 1190973; 173817912; 1; 0; 1154; 3335; 0; 1; 1048; 3343; 0; 268435454
268435455; 43325; 173181730; 0; 1000; 1190973; 173817913; 1; 0; 1156; 3344; 0; 1; 1050; 3400; 0; 268435454
268435455; 43326; 173184744; 0; 1000; 1190973; 173817914; 1; 0; 1158; 3286; 0; 1; 1052; 2050; 0; 268435454
268435455; 43327; 173184854; 0; 1000; 1190973; 173817915; 1; 0; 1160; 3341; 0; 1; 49280; 0; 0; 268435454
268435455; 43328; 173187728; 0; 1000; 1190973; 173817916; 1; 0; 1162; 3264; 0; 1; 49281; 0; 0; 268435454
268435455; 43329; 173187838; 0; 1000; 1190973; 173817917; 1; 0; 1164; 3300; 0; 1; 49282; 0; 0; 268435454
268435455; 43330; 173191464; 0; 1000; 1190973; 173817918; 1; 0; 1166; 3228; 0; 1; 49283; 0; 0; 268435454
268435455; 43331; 173191574; 0; 1000; 1190973; 173817919; 1; 0; 1168; 3284; 0; 1; 49284; 0; 0; 268435454
268435455; 43332; 173194984; 0; 1000; 1190973; 173817920; 1; 0; 1170; 3271; 0; 1; 49285; 0; 0; 268435454
268435455; 43333; 173195094; 0; 1000; 1190973; 173817921; 1; 0; 1172; 3273; 0; 1; 49286; 0; 0; 268435454
268435455; 43334; 173195204; 0; 1000; 1190973; 173817922; 1; 0; 1174; 3321; 0; 1; 49287; 0; 0; 268435454
268435455; 43335; 173198072; 0; 1000; 1190973; 173817923; 1; 0; 1176; 3302; 0; 1; 49288; 0; 0; 268435454
268435455; 43336; 173198182; 0; 1000; 1190973; 173817924; 1; 0; 1178; 3290; 0; 1; 49289; 0; 0; 268435454
268435455; 43337; 173198292; 0; 1000; 1190973; 173817925; 1; 0; 1180; 2050; 0; 1; 49290; 0; 0; 268435454
268435455; 43338; 173201240; 0; 1000; 1190973; 173817926; 1; 0; 49296; 0; 0; 1; 49291; 0; 0; 268435454
268435455; 43339; 173201350; 0; 1000; 1190973; 173817927; 1; 0; 49297; 0; 0; 1; 49292; 0; 0; 268435454
268435455; 43340; 173201462; 0; 1000; 1190973; 173817928; 1; 0; 49298; 0; 0; 1; 49293; 0; 0; 268435454
268435455; 43341; 173204394; 0; 1000; 1190973; 173817929; 1; 0; 49299; 0; 0; 1; 49294; 0; 0; 268435454
268435455; 43342; 173204504; 0; 1000; 1190973; 173817930; 1; 0; 49300; 0; 0; 1; 49295; 0; 0; 268435454
268435455; 43343; 173204614; 0; 1000; 1190973; 173817931; 1; 0; 49301; 0; 0; 1; 49296; 0; 0; 268435454
268435455; 43344; 173208018; 0; 1000; 1190973; 173817932; 1; 0; 49302; 0; 0; 1; 1152; 2050; 0; 268435454
268435455; 43345; 173208128; 0; 1000; 1190973; 173817933; 1; 0; 49303; 0; 0; 1; 1154; 3335; 0; 268435454
268435455; 43346; 173211338; 0; 1000; 1190973; 173817934; 1; 0; 49304; 0; 0; 1; 1156; 3344; 0; 268435454
268435455; 43347; 173211448; 0; 1000; 1190973; 173817935; 1; 0; 49305; 0; 0; 1; 1158; 3286; 0; 268435454
268435455; 43348; 173215146; 0; 1000; 1190973; 173817936; 1; 0; 49306; 0; 0; 1; 1160; 3341; 0; 268435454
268435455; 43349; 173215256; 0; 1000; 1190973; 173817937; 1; 0; 49307; 0; 0; 1; 1162; 3264; 0; 268435454
268435455; 43350; 173217818; 0; 1000; 1190973; 173817938; 1; 0; 49308; 0; 0; 1; 1164; 3300; 0; 268435454
268435455; 43351; 173217928; 0; 1000; 1190973; 173817939; 1; 0; 49309; 0; 0; 1; 1166; 3228; 0; 268435454
268435455; 43352; 173218038; 0; 1000; 1190973; 173817940; 1; 0; 49310; 0; 0; 1; 1168; 3284; 0; 268435454
268435455; 43353; 173220954; 0; 1000; 1190973; 173817941; 1; 0; 49311; 0; 0; 1; 1170; 3271; 0; 268435454
268435455; 43354; 173221064; 0; 1000; 1190973; 173817942; 1; 0; 49312; 0; 0; 1; 1172; 3273; 0; 268435454
268435455; 43355; 173221174; 0; 1000; 1190973; 173817943; 1; 0; 1280; 2050; 0; 1; 1174; 3321; 0; 268435454
268435455; 43356; 173224386; 0; 1000; 1190973; 173817944; 1; 0; 1282; 3312; 0; 1; 1176; 3302; 0; 268435454
268435455; 43357; 173224494; 0; 1000; 1190973; 173817945; 1; 0; 1284; 3286; 0; 1; 1178; 3290; 0; 268435454
268435455; 43358; 173224604; 0; 1000; 1190973; 173817946; 1; 0; 1286; 3305; 0; 1; 1180; 2050; 0; 268435454
268435455; 43359; 173227530; 0; 1000; 1190973; 173817947; 1; 0; 1288; 3284; 0; 1; 49296; 0; 0; 268435454
268435455; 43360; 173227640; 0; 1000; 1190973; 173817948; 1; 0; 1290; 3289; 0; 1; 49297; 0; 0; 268435454
268435455; 43361; 173227750; 0; 1000; 1190973; 173817949; 1; 0; 1292; 3304; 0; 1; 49298; 0; 0; 268435454
268435455; 43362; 173230706; 0; 1000; 1190973; 173817950; 1; 0; 1294; 3296; 0; 1; 49299; 0; 0; 268435454
268435455; 43363; 173230816; 0; 1000; 1190973; 173817951; 1; 0; 1296; 3287; 0; 1; 49300; 0; 0; 268435454
268435455; 43364; 173230926; 0; 1000; 1190973; 173817952; 1; 0; 1298; 3331; 0; 1; 49301; 0; 0; 268435454
268435455; 43365; 173234570; 0; 1000; 1190973; 173817953; 1; 0; 1300; 3302; 0; 1; 49302; 0; 0; 268435454
268435455; 43366; 173234680; 0; 1000; 1190973; 173817954; 1; 0; 1302; 3327; 0; 1; 49303; 0; 0; 268435454
268435455; 43367; 173238338; 0; 1000; 1190973; 173817955; 1; 0; 1304; 3279; 0; 1; 49304; 0; 0; 268435454
268435455; 43368; 173238448; 0; 1000; 1190973; 173817956; 1; 0; 1306; 3315; 0; 1; 49305; 0; 0; 268435454
268435455; 43369; 173242162; 0; 1000; 1190973; 173817957; 1; 0; 1308; 3283; 0; 1; 49306; 0; 0; 268435454
268435455; 43370; 173242272; 0; 1000; 1190973; 173817958; 1; 0; 49312; 0; 0; 1; 49307; 0; 0; 268435454
268435455; 43371; 173242382; 0; 1000; 1190973; 173817959; 1; 0; 49313; 0; 0; 1; 49308; 0; 0; 268435454
268435455; 43372; 173245562; 0; 1000; 1190973; 173817960; 1; 0; 49314; 0; 0; 1; 49309; 0; 0; 268435454
268435455; 43373; 173245672; 0; 1000; 1190973; 173817961; 1; 0; 49315; 0; 0; 1; 49310; 0; 0; 268435454
268435455; 43374; 173245784; 0; 1000; 1190973; 173817962; 1; 0; 49316; 0; 0; 1; 49311; 0; 0; 268435454
268435455; 43375; 173249204; 0; 1000; 1190973; 173817963; 1; 0; 49317; 0; 0; 1; 49312; 0; 0; 268435454
268435455; 43376; 173249314; 0; 1000; 1190973; 173817964; 1; 0; 49318; 0; 0; 1; 1280; 2050; 0; 268435454
268435455; 43377; 173252764; 0; 1000; 1190973; 173817965; 1; 0; 49319; 0; 0; 1; 1282; 3312; 0; 268435454
268435455; 43378; 173252874; 0; 1000; 1190973; 173817966; 1; 0; 49320; 0; 0; 1; 1284; 3286; 0; 268435454
268435455; 43379; 173255908; 0; 1000; 1190973; 173817967; 1; 0; 49321; 0; 0; 1; 1286; 3305; 0; 268435454
268435455; 43380; 173256018; 0; 1000; 1190973; 173817968; 1; 0; 49322; 0; 0; 1; 1288; 3284; 0; 268435454
268435455; 43381; 173259492; 0; 1000; 1190973; 173817969; 1; 0; 49323; 0; 0; 1; 1290; 3289; 0; 268435454
268435455; 43382; 173259602; 0; 1000; 1190973; 173817970; 1; 0; 49324; 0; 0; 1; 1292; 3304; 0; 268435454
268435455; 43383; 173263028; 0; 1000; 1190973; 173817971; 1; 0; 49325; 0; 0; 1; 1294; 3296; 0; 268435454
268435455; 43384; 173263138; 0; 1000; 1190973; 173817972; 1; 0; 49326; 0; 0; 1; 1296; 3287; 0; 268435454
268435455; 43385; 173266692; 0; 1000; 1190973; 173817973; 1; 0; 49327; 0; 0; 1; 1298; 3331; 0; 268435454
268435455; 43386; 173266802; 0; 1000; 1190973; 173817974; 1; 0; 49328; 0; 0; 1; 1300; 3302; 0; 268435454
268435455; 43387; 173270396; 0; 1000; 1190973; 173817975; 1; 0; 4180; 4; 0; 1; 1302; 3327; 0; 268435454
268435455; 43388; 173270506; 0; 1000; 1190973; 173817976; 1; 0; 4181; 1; 0; 1; 1304; 3279; 0; 268435454
268435455; 43389; 173274044; 0; 1000; 1190973; 173817977; 1; 0; 4182; 301; 0; 1; 1306; 3315; 0; 268435454
268435455; 43390; 173274154; 0; 1000; 1190973; 173817978; 1; 0; 4184; 8; 0; 1; 1308; 3283; 0; 268435454
268435455; 43391; 173277676; 0; 1000; 1190973; 173817979; 1; 0; 4185; 14; 0; 1; 49312; 0; 0; 268435454
268435455; 43392; 173277786; 0; 1000; 1190973; 173817980; 1; 0; 4186; 1000; 0; 1; 49313; 0; 0; 268435454
268435455; 43393; 173281460; 0; 1000; 1190973; 173817981; 1; 0; 4187; 0; 0; 1; 49314; 0; 0; 268435454
268435455; 43394; 173281570; 0; 1000; 1190973; 173817982; 1; 1; 0; 0; 0; 1; 49315; 0; 0; 268435454
268435455; 43395; 173285188; 0; 1000; 1190973; 173817983; 0; 0; 0; 0; 0; 1; 49316; 0; 0; 268435454
268435455; 43396; 173285298; 0; 1000; 1190973; 173817984; 0; 0; 0; 0; 0; 1; 49317; 0; 0; 268435454
268435455; 43397; 173288972; 0; 1000; 1190973; 173817985; 0; 0; 0; 0; 0; 1; 49318; 0; 0; 268435454
268435455; 43398; 173289084; 0; 1000; 1190973; 173817986; 0; 0; 0; 0; 0; 1; 49319; 0; 0; 268435454
268435455; 43399; 173292646; 0; 1000; 1190973; 173817987; 0; 0; 0; 0; 0; 1; 49320; 0; 0; 268435454
268435455; 43400; 173292756; 0; 1000; 1190973; 173817988; 0; 0; 0; 0; 0; 1; 49321; 0; 0; 268435454
268435455; 43401; 173296134; 0; 1000; 1190973; 173817989; 0; 0; 0; 0; 0; 1; 49322; 0; 0; 268435454
268435455; 43402; 173296244; 0; 1000; 1190973; 173817990; 0; 0; 0; 0; 0; 1; 49323; 0; 0; 268435454
268435455; 43403; 173299638; 0; 1000; 1190973; 173817991; 0; 0; 0; 0; 0; 1; 49324; 0; 0; 268435454
268435455; 43404; 173299748; 0; 1000; 1190973; 173817992; 0; 0; 0; 0; 0; 1; 49325; 0; 0; 268435454
268435455; 43405; 173303246; 0; 1000; 1190973; 173817993; 0; 0; 0; 0; 0; 1; 49326; 0; 0; 268435454
268435455; 43406; 173303356; 0; 1000; 1190973; 173817994; 0; 0; 0; 0; 0; 1; 49327; 0; 0; 268435454
268435455; 43407; 173306870; 0; 1000; 1190973; 173817995; 0; 0; 0; 0; 0; 1; 49328; 0; 0; 268435454
268435455; 43408; 173306980; 0; 1000; 1190973; 173817996; 0; 0; 0; 0; 0; 1; 4180; 4; 0; 268435454
268435455; 43409; 173310622; 0; 1000; 1190973; 173817997; 0; 0; 0; 0; 0; 1; 4181; 1; 0; 268435454
268435455; 43410; 173310732; 0; 1000; 1190973; 173817998; 0; 0; 0; 0; 0; 1; 4182; 301; 0; 268435454
268435455; 43411; 173313980; 0; 1000; 1190973; 173817999; 0; 0; 0; 0; 0; 1; 4184; 8; 0; 268435454
268435455; 43412; 173314090; 0; 1000; 1190973; 173818000; 0; 0; 0; 0; 0; 1; 4185; 14; 0; 268435454
268435455; 43413; 173317636; 0; 1000; 1190973; 173818001; 0; 0; 0; 0; 0; 1; 4186; 1000; 0; 268435454
268435455; 43414; 173317746; 0; 1000; 1190973; 173818002; 0; 0; 0; 0; 0; 1; 4187; 0; 0; 268435454
268435455; 43415; 173321148; 0; 1000; 1190973; 173818003; 0; 0; 0; 0; 0; 1; 0; 0; 0; 268435454
268435455; 43416; 173321258; 0; 1000; 1190973; 173818004; 0; 0; 0; 0; 0; 1; 61571; 0; 0; 268435454
268435455; 43417; 173324404; 0; 1000; 1190973; 173818005; 0; 0; 0; 0; 0; 1; 61572; 0; 0; 268435454
268435455; 43418; 173324514; 0; 1000; 1190973; 173818006; 0; 0; 0; 0; 0; 1; 61573; 0; 0; 268435454
268435455; 43419; 173327804; 0; 1000; 1190973; 173818007; 0; 0; 0; 0; 0; 1; 61574; 0; 0; 268435454
268435455; 43420; 173327914; 0; 1000; 1190973; 173818008; 0; 0; 0; 0; 0; 1; 61575; 0; 0; 268435454
268435455; 43421; 173331308; 0; 1000; 1190973; 173818009; 0; 0; 0; 0; 0; 1; 61576; 0; 0; 268435454
268435455; 43422; 173331418; 0; 1000; 1190973; 173818010; 0; 0; 0; 0; 0; 1; 61577; 0; 0; 268435454
268435455; 43423; 173335126; 0; 1000; 1190973; 173818011; 0; 0; 0; 0; 0; 1; 61578; 0; 0; 268435454
268435455; 43424; 173335236; 0; 1000; 1190973; 173818012; 0; 0; 0; 0; 0; 1; 61579; 0; 0; 268435454
268435455; 43425; 173338526; 0; 1000; 1190973; 173818013; 0; 0; 0; 0; 0; 1; 61580; 0; 0; 268435454
268435455; 43426; 173338636; 0; 1000; 1190973; 173818014; 0; 0; 0; 0; 0; 1; 61581; 0; 0; 268435454
268435455; 43427; 173342238; 0; 1000; 1190973; 173818015; 0; 0; 0; 0; 0; 1; 61582; 0; 0; 268435454
268435455; 43428; 173342348; 0; 1000; 1190973; 173818016; 0; 0; 0; 0; 0; 1; 61583; 0; 0; 268435454
268435455; 43429; 173345854; 0; 1000; 1190973; 173818017; 0; 0; 0; 0; 0; 1; 61584; 0; 0; 268435454
268435455; 43430; 173345964; 0; 1000; 1190973; 173818018; 0; 0; 0; 0; 0; 1; 61585; 0; 0; 268435454
268435455; 43431; 173349518; 0; 1000; 1190973; 173818019; 0; 0; 0; 0; 0; 1; 61586; 0; 0; 268435454
268435455; 43432; 173349628; 0; 1000; 1190973; 173818020; 0; 0; 0; 0; 0; 1; 61587; 0; 0; 268435454
268435455; 43433; 173353014; 0; 1000; 1190973; 173818021; 0; 0; 0; 0; 0; 1; 61588; 0; 0; 268435454
268435455; 43434; 173353124; 0; 1000; 1190973; 173818022; 0; 0; 0; 0; 0; 1; 61589; 0; 0; 268435454
268435455; 43435; 173356838; 0; 1000; 1190973; 173818023; 0; 0; 0; 0; 0; 1; 61590; 0; 0; 268435454
268435455; 43436; 173356948; 0; 1000; 1190973; 173818024; 0; 0; 0; 0; 0; 1; 61591; 0; 0; 268435454
268435455; 43437; 173360510; 0; 1000; 1190973; 173818025; 0; 0; 0; 0; 0; 1; 61592; 0; 0; 268435454
268435455; 43438; 173360620; 0; 1000; 1190973; 173818026; 0; 0; 0; 0; 0; 1; 61593; 0; 0; 268435454
268435455; 43439; 173364054; 0; 1000; 1190973; 173818027; 0; 0; 0; 0; 0; 1; 61594; 0; 0; 268435454
268435455; 43440; 173364164; 0; 1000; 1190973; 173818028; 0; 0; 0; 0; 0; 1; 61595; 0; 0; 268435454
268435455; 43441; 173367766; 0; 1000; 1190973; 173818029; 0; 0; 0; 0; 0; 1; 61596; 0; 0; 268435454
268435455; 43442; 173367876; 0; 1000; 1190973; 173818030; 0; 0; 0; 0; 0; 1; 61597; 0; 0; 268435454
268435455; 43443; 173371470; 0; 1000; 1190973; 173818031; 0; 0; 0; 0; 0; 1; 61598; 0; 0; 268435454
268435455; 43444; 173371580; 0; 1000; 1190973; 173818032; 0; 0; 0; 0; 0; 1; 61599; 0; 0; 268435454
268435455; 43445; 173375174; 0; 1000; 1190973; 173818033; 0; 0; 0; 0; 0; 1; 61600; 0; 0; 268435454
268435455; 43446; 173375284; 0; 1000; 1190973; 173818034; 0; 0; 0; 0; 0; 1; 61601; 0; 0; 268435454
268435455; 43447; 173378512; 0; 1000; 1190973; 173818035; 0; 0; 0; 0; 0; 1; 61602; 0; 0; 268435454
268435455; 43448; 173378622; 0; 1000; 1190973; 173818036; 0; 0; 0; 0; 0; 1; 61603; 0; 0; 268435454
268435455; 43449; 173382440; 0; 1000; 1190973; 173818037; 0; 0; 0; 0; 0; 1; 61604; 0; 0; 268435454
268435455; 43450; 173382550; 0; 1000; 1190973; 173818038; 0; 0; 0; 0; 0; 1; 61605; 0; 0; 268435454
268435455; 43451; 173386184; 0; 1000; 1190973; 173818039; 0; 0; 0; 0; 0; 1; 61606; 0; 0; 268435454
268435455; 43452; 173386294; 0; 1000; 1190973; 173818040; 0; 0; 0; 0; 0; 1; 61607; 0; 0; 268435454
268435455; 43453; 173390080; 0; 1000; 1190973; 173818041; 0; 0; 0; 0; 0; 1; 61608; 0; 0; 268435454
268435455; 43454; 173390190; 0; 1000; 1190973; 173818042; 0; 0; 0; 0; 0; 1; 61609; 0; 0; 268435454
268435455; 43455; 173394032; 0; 1000; 1190973; 173818043; 0; 0; 0; 0; 0; 1; 61610; 0; 0; 268435454
268435455; 43456; 173394142; 0; 1000; 1190973; 173818044; 0; 0; 0; 0; 0; 1; 61611; 0; 0; 268435454
268435455; 43457; 173398072; 0; 1000; 1190973; 173818045; 0; 0; 0; 0; 0; 1; 61612; 0; 0; 268435454
268435455; 43458; 173398180; 0; 1000; 1190973; 173818046; 0; 0; 0; 0; 0; 1; 61613; 0; 0; 268435454
268435455; 43459; 173402072; 0; 1000; 1190973; 173818047; 0; 0; 0; 0; 0; 1; 61614; 0; 0; 268435454
268435455; 43460; 173402182; 0; 1000; 1190973; 173818048; 0; 0; 0; 0; 0; 1; 61615; 0; 0; 268435454
268435455; 43461; 173406064; 0; 1000; 1190973; 173818049; 0; 0; 0; 0; 0; 1; 61616; 0; 0; 268435454
268435455; 43462; 173406174; 0; 1000; 1190973; 173818050; 0; 0; 0; 0; 0; 1; 61617; 0; 0; 268435454
268435455; 43463; 173410032; 0; 1000; 1190973; 173818051; 0; 0; 0; 0; 0; 1; 61618; 0; 0; 268435454
268435455; 43464; 173410142; 0; 1000; 1190973; 173818052; 0; 0; 0; 0; 0; 1; 61619; 0; 0; 268435454
268435455; 43465; 173413968; 0; 1000; 1190973; 173818053; 0; 0; 0; 0; 0; 1; 61620; 0; 0; 268435454
268435455; 43466; 173414078; 0; 1000; 1190973; 173818054; 0; 0; 0; 0; 0; 1; 61621; 0; 0; 268435454
268435455; 43467; 173418064; 0; 1000; 1190973; 173818055; 0; 0; 0; 0; 0; 1; 61622; 0; 0; 268435454
268435455; 43468; 173418174; 0; 1000; 1190973; 173818056; 0; 0; 0; 0; 0; 1; 61623; 0; 0; 268435454
268435455; 43469; 173421994; 0; 1000; 1190973; 173818057; 0; 0; 0; 0; 0; 1; 61624; 0; 0; 268435454
268435455; 43470; 173422104; 0; 1000; 1190973; 173818058; 0; 0; 0; 0; 0; 1; 61625; 0; 0; 268435454
268435455; 43471; 173425562; 0; 1000; 1190973; 173818059; 0; 0; 0; 0; 0; 1; 61626; 0; 0; 268435454
268435455; 43472; 173425672; 0; 1000; 1190973; 173818060; 0; 0; 0; 0; 0; 1; 61627; 0; 0; 268435454
268435455; 43473; 173429106; 0; 1000; 1190973; 173818061; 0; 0; 0; 0; 0; 1; 61628; 0; 0; 268435454
268435455; 43474; 173429216; 0; 1000; 1190973; 173818062; 0; 0; 0; 0; 0; 1; 61629; 0; 0; 268435454
268435455; 43475; 173429326; 0; 1000; 1190973; 173818063; 0; 0; 0; 0; 0; 1; 61630; 0; 0; 268435454
268435455; 43476; 173432314; 0; 1000; 1190973; 173818064; 0; 0; 0; 0; 0; 1; 61631; 0; 0; 268435454
268435455; 43477; 173432424; 0; 1000; 1190973; 173818065; 0; 0; 0; 0; 0; 1; 61632; 0; 0; 268435454
268435455; 43478; 173432534; 0; 1000; 1190973; 173818066; 0; 0; 0; 0; 0; 1; 61633; 0; 0; 268435454
268435455; 43479; 173435466; 0; 1000; 1190973; 173818067; 0; 0; 0; 0; 0; 1; 61634; 0; 0; 268435454
268435455; 43480; 173435576; 0; 1000; 1190973; 173818068; 0; 0; 0; 0; 0; 1; 61635; 0; 0; 268435454
268435455; 43481; 173435686; 0; 1000; 1190973; 173818069; 0; 0; 0; 0; 0; 1; 61636; 0; 0; 268435454
268435455; 43482; 173438442; 0; 1000; 1190973; 173818070; 0; 0; 0; 0; 0; 1; 61637; 0; 0; 268435454
268435455; 43483; 173438552; 0; 1000; 1190973; 173818071; 0; 0; 0; 0; 0; 1; 61638; 0; 0; 268435454
268435455; 43484; 173438662; 0; 1000; 1190973; 173818072; 0; 0; 0; 0; 0; 1; 61639; 0; 0; 268435454
268435455; 43485; 173442146; 0; 1000; 1190973; 173818073; 0; 0; 0; 0; 0; 1; 61640; 0; 0; 268435454
268435455; 43486; 173445850; 0; 1000; 1190973; 173818074; 0; 0; 0; 0; 0; 1; 61641; 0; 0; 268435454
268435455; 43487; 173445960; 0; 1000; 1190973; 173818075; 0; 0; 0; 0; 0; 1; 61642; 0; 0; 268435454
268435455; 43488; 173446070; 0; 1000; 1190973; 173818076; 0; 0; 0; 0; 0; 1; 61643; 0; 0; 268435454
268435455; 43489; 173446180; 0; 1000; 1190973; 173818077; 0; 0; 0; 0; 0; 1; 61644; 0; 0; 268435454
268435455; 43490; 173448866; 0; 1000; 1190973; 173818078; 0; 0; 0; 0; 0; 1; 61645; 0; 0; 268435454
268435455; 43491; 173448976; 0; 1000; 1190973; 173818079; 0; 0; 0; 0; 0; 1; 61646; 0; 0; 268435454
268435455; 43492; 173449086; 0; 1000; 1190973; 173818080; 0; 0; 0; 0; 0; 1; 61647; 0; 0; 268435454
268435455; 43493; 173449196; 0; 1000; 1190973; 173818081; 0; 0; 0; 0; 0; 1; 61648; 0; 0; 268435454
268435455; 43494; 173451754; 0; 1000; 1190973; 173818082; 0; 0; 0; 0; 0; 1; 61649; 0; 0; 268435454
268435455; 43495; 173451864; 0; 1000; 1190973; 173818083; 0; 0; 0; 0; 0; 1; 61650; 0; 0; 268435454
268435455; 43496; 173451974; 0; 1000; 1190973; 173818084; 0; 0; 0; 0; 0; 1; 61651; 0; 0; 268435454
268435455; 43497; 173452084; 0; 1000; 1190973; 173818085; 0; 0; 0; 0; 0; 1; 61652; 0; 0; 268435454
268435455; 43498; 173454650; 0; 1000; 1190973; 173818086; 0; 0; 0; 0; 0; 1; 61653; 0; 0; 268435454
268435455; 43499; 173454760; 0; 1000; 1190973; 173818087; 0; 0; 0; 0; 0; 1; 61654; 0; 0; 268435454
268435455; 43500; 173454870; 0; 1000; 1190973; 173818088; 0; 0; 0; 0; 0; 1; 61655; 0; 0; 268435454
268435455; 43501; 173454980; 0; 1000; 1190973; 173818089; 0; 0; 0; 0; 0; 1; 61656; 0; 0; 268435454
268435455; 43502; 173457706; 0; 1000; 1190973; 173818090; 0; 0; 0; 0; 0; 1; 61657; 0; 0; 268435454
268435455; 43503; 173457816; 0; 1000; 1190973; 173818091; 0; 0; 0; 0; 0; 1; 61658; 0; 0; 268435454
268435455; 43504; 173457926; 0; 1000; 1190973; 173818092; 0; 0; 0; 0; 0; 1; 61659; 0; 0; 268435454
268435455; 43505; 173458036; 0; 1000; 1190973; 173818093; 0; 0; 0; 0; 0; 1; 61660; 0; 0; 268435454
268435455; 43506; 173458146; 0; 1000; 1190973; 173818094; 0; 0; 0; 0; 0; 1; 61661; 0; 0; 268435454
268435455; 43507; 173460962; 0; 1000; 1190973; 173818095; 0; 0; 0; 0; 0; 1; 61662; 0; 0; 268435454
268435455; 43508; 173461072; 0; 1000; 1190973; 173818096; 0; 0; 0; 0; 0; 1; 61663; 0; 0; 268435454
268435455; 43509; 173461182; 0; 1000; 1190973; 173818097; 0; 0; 0; 0; 0; 1; 61664; 0; 0; 268435454
268435455; 43510; 173461292; 0; 1000; 1190973; 173818098; 0; 0; 0; 0; 0; 1; 61665; 0; 0; 268435454
268435455; 43511; 173463802; 0; 1000; 1190973; 173818099; 0; 0; 0; 0; 0; 1; 61666; 0; 0; 268435454
268435455; 43512; 173463912; 0; 1000; 1190973; 173818100; 0; 0; 0; 0; 0; 1; 61667; 0; 0; 268435454
268435455; 43513; 173464022; 0; 1000; 1190973; 173818101; 0; 0; 0; 0; 0; 1; 61668; 0; 0; 268435454
268435455; 43514; 173464134; 0; 1000; 1190973; 173818102; 0; 0; 0; 0; 0; 1; 61669; 0; 0; 268435454
268435455; 43515; 173466564; 0; 1000; 1190973; 173818103; 0; 0; 0; 0; 0; 1; 61670; 0; 0; 268435454
268435455; 43516; 173466674; 0; 1000; 1190973; 173818104; 0; 0; 0; 0; 0; 1; 61671; 0; 0; 268435454
268435455; 43517; 173466784; 0; 1000; 1190973; 173818105; 0; 0; 0; 0; 0; 1; 61672; 0; 0; 268435454
268435455; 43518; 173466894; 0; 1000; 1190973; 173818106; 0; 0; 0; 0; 0; 1; 61673; 0; 0; 268435454
268435455; 43519; 173469364; 0; 1000; 1190973; 173818107; 0; 0; 0; 0; 0; 1; 61674; 0; 0; 268435454
268435455; 43520; 173469474; 0; 1000; 1190973; 173818108; 0; 0; 0; 0; 0; 1; 61675; 0; 0; 268435454
268435455; 43521; 173469584; 0; 1000; 1190973; 173818109; 0; 0; 0; 0; 0; 1; 61676; 0; 0; 268435454
268435455; 43522; 173469694; 0; 1000; 1190973; 173818110; 0; 0; 0; 0; 0; 1; 61677; 0; 0; 268435454
268435455; 43523; 173472196; 0; 1000; 1190973; 173818111; 0; 0; 0; 0; 0; 1; 61678; 0; 0; 268435454
268435455; 43524; 173472306; 0; 1000; 1190973; 173818112; 0; 0; 0; 0; 0; 1; 61679; 0; 0; 268435454
268435455; 43525; 173472402; 0; 1000; 1190973; 173818113; 0; 0; 0; 0; 0; 1; 61680; 0; 0; 268435454
268435455; 43526; 173472512; 0; 1000; 1190973; 173818114; 0; 0; 0; 0; 0; 1; 61681; 0; 0; 268435454
268435455; 43527; 173475226; 0; 1000; 1190973; 173818115; 0; 0; 0; 0; 0; 1; 61682; 0; 0; 268435454
268435455; 43528; 173475336; 0; 1000; 1190973; 173818116; 0; 0; 0; 0; 0; 1; 61683; 0; 0; 268435454
268435455; 43529; 173475446; 0; 1000; 1190973; 173818117; 0; 0; 0; 0; 0; 1; 61684; 0; 0; 268435454
268435455; 43530; 173475556; 0; 1000; 1190973; 173818118; 0; 0; 0; 0; 0; 1; 61685; 0; 0; 268435454
268435455; 43531; 173478010; 0; 1000; 1190973; 173818119; 0; 0; 0; 0; 0; 1; 61686; 0; 0; 268435454
268435455; 43532; 173478120; 0; 1000; 1190973; 173818120; 0; 0; 0; 0; 0; 1; 61687; 0; 0; 268435454
268435455; 43533; 173478230; 0; 1000; 1190973; 173818121; 0; 0; 0; 0; 0; 1; 61688; 0; 0; 268435454
268435455; 43534; 173478340; 0; 1000; 1190973; 173818122; 0; 0; 0; 0; 0; 1; 61689; 0; 0; 268435454
268435455; 43535; 173480890; 0; 1000; 1190973; 173818123; 0; 0; 0; 0; 0; 1; 61690; 0; 0; 268435454
268435455; 43536; 173481000; 0; 1000; 1190973; 173818124; 0; 0; 0; 0; 0; 1; 61691; 0; 0; 268435454
268435455; 43537; 173481110; 0; 1000; 1190973; 173818125; 0; 0; 0; 0; 0; 1; 61692; 0; 0; 268435454
268435455; 43538; 173481220; 0; 1000; 1190973; 173818126; 0; 0; 0; 0; 0; 1; 61693; 0; 0; 268435454
268435455; 43539; 173481330; 0; 1000; 1190973; 173818127; 0; 0; 0; 0; 0; 1; 61694; 0; 0; 268435454
268435455; 43540; 173484474; 0; 1000; 1190973; 173818128; 0; 0; 0; 0; 0; 1; 61695; 0; 0; 268435454
268435455; 43541; 173484584; 0; 1000; 1190973; 173818129; 0; 0; 0; 0; 0; 1; 61696; 0; 0; 268435454
268435455; 43542; 173484694; 0; 1000; 1190973; 173818130; 0; 0; 0; 0; 0; 1; 61697; 0; 0; 268435454
268435455; 43543; 173484804; 0; 1000; 1190973; 173818131; 0; 0; 0; 0; 0; 1; 61698; 0; 0; 268435454
268435455; 43544; 173487186; 0; 1000; 1190973; 173818132; 0; 0; 0; 0; 0; 1; 61699; 0; 0; 268435454
268435455; 43545; 173487294; 0; 1000; 1190973; 173818133; 0; 0; 0; 0; 0; 1; 61700; 0; 0; 268435454
268435455; 43546; 173487404; 0; 1000; 1190973; 173818134; 0; 0; 0; 0; 0; 1; 61701; 0; 0; 268435454
268435455; 43547; 173487514; 0; 1000; 1190973; 173818135; 0; 0; 0; 0; 0; 1; 61702; 0; 0; 268435454
268435455; 43548; 173490042; 0; 1000; 1190973; 173818136; 0; 0; 0; 0; 0; 1; 61703; 0; 0; 268435454
268435455; 43549; 173490152; 0; 1000; 1190973; 173818137; 0; 0; 0; 0; 0; 1; 61704; 0; 0; 268435454
268435455; 43550; 173490262; 0; 1000; 1190973; 173818138; 0; 0; 0; 0; 0; 1; 61705; 0; 0; 268435454
268435455; 43551; 173490372; 0; 1000; 1190973; 173818139; 0; 0; 0; 0; 0; 1; 61706; 0; 0; 268435454
268435455; 43552; 173492802; 0; 1000; 1190973; 173818140; 0; 0; 0; 0; 0; 1; 61707; 0; 0; 268435454
268435455; 43553; 173492912; 0; 1000; 1190973; 173818141; 0; 0; 0; 0; 0; 1; 61708; 0; 0; 268435454
268435455; 43554; 173493022; 0; 1000; 1190973; 173818142; 0; 0; 0; 0; 0; 1; 61709; 0; 0; 268435454
268435455; 43555; 173493132; 0; 1000; 1190973; 173818143; 0; 0; 0; 0; 0; 1; 61710; 0; 0; 268435454
268435455; 43556; 173495746; 0; 1000; 1190973; 173818144; 0; 0; 0; 0; 0; 1; 61711; 0; 0; 268435454
268435455; 43557; 173495856; 0; 1000; 1190973; 173818145; 0; 0; 0; 0; 0; 1; 61712; 0; 0; 268435454
268435455; 43558; 173495966; 0; 1000; 1190973; 173818146; 0; 0; 0; 0; 0; 1; 61713; 0; 0; 268435454
268435455; 43559; 173496076; 0; 1000; 1190973; 173818147; 0; 0; 0; 0; 0; 1; 61714; 0; 0; 268435454
268435455; 43560; 173496186; 0; 1000; 1190973; 173818148; 0; 0; 0; 0; 0; 1; 61715; 0; 0; 268435454
268435455; 43561; 173499378; 0; 1000; 1190973; 173818149; 0; 0; 0; 0; 0; 1; 61716; 0; 0; 268435454
268435455; 43562; 173499488; 0; 1000; 1190973; 173818150; 0; 0; 0; 0; 0; 1; 61717; 0; 0; 268435454
268435455; 43563; 173499598; 0; 1000; 1190973; 173818151; 0; 0; 0; 0; 0; 1; 61718; 0; 0; 268435454
268435455; 43564; 173499708; 0; 1000; 1190973; 173818152; 0; 0; 0; 0; 0; 1; 61719; 0; 0; 268435454
268435455; 43565; 173502098; 0; 1000; 1190973; 173818153; 0; 0; 0; 0; 0; 1; 61720; 0; 0; 268435454
268435455; 43566; 173502208; 0; 1000; 1190973; 173818154; 0; 0; 0; 0; 0; 1; 61721; 0; 0; 268435454
268435455; 43567; 173502318; 0; 1000; 1190973; 173818155; 0; 0; 0; 0; 0; 1; 61722; 0; 0; 268435454
268435455; 43568; 173502428; 0; 1000; 1190973; 173818156; 0; 0; 0; 0; 0; 1; 61723; 0; 0; 268435454
268435455; 43569; 173505066; 0; 1000; 1190973; 173818157; 0; 0; 0; 0; 0; 1; 61724; 0; 0; 268435454
268435455; 43570; 173505176; 0; 1000; 1190973; 173818158; 0; 0; 0; 0; 0; 1; 61725; 0; 0; 268435454
268435455; 43571; 173505286; 0; 1000; 1190973; 173818159; 0; 0; 0; 0; 0; 1; 61726; 0; 0; 268435454
268435455; 43572; 173505396; 0; 1000; 1190973; 173818160; 0; 0; 0; 0; 0; 1; 61727; 0; 0; 268435454
268435455; 43573; 173507874; 0; 1000; 1190973; 173818161; 0; 0; 0; 0; 0; 1; 61728; 0; 0; 268435454
268435455; 43574; 173507984; 0; 1000; 1190973; 173818162; 0; 0; 0; 0; 0; 1; 61729; 0; 0; 268435454
268435455; 43575; 173508096; 0; 1000; 1190973; 173818163; 0; 0; 0; 0; 0; 1; 61730; 0; 0; 268435454
268435455; 43576; 173508206; 0; 1000; 1190973; 173818164; 0; 0; 0; 0; 0; 1; 61731; 0; 0; 268435454
268435455; 43577; 173510764; 0; 1000; 1190973; 173818165; 0; 0; 0; 0; 0; 1; 61732; 0; 0; 268435454
268435455; 43578; 173510874; 0; 1000; 1190973; 173818166; 0; 0; 0; 0; 0; 1; 61733; 0; 0; 268435454
268435455; 43579; 173510984; 0; 1000; 1190973; 173818167; 0; 0; 0; 0; 0; 1; 61734; 0; 0; 268435454
268435455; 43580; 173511094; 0; 1000; 1190973; 173818168; 0; 0; 0; 0; 0; 1; 61735; 0; 0; 268435454
268435455; 43581; 173511204; 0; 1000; 1190973; 173818169; 0; 0; 0; 0; 0; 1; 61736; 0; 0; 268435454
268435455; 43582; 173514340; 0; 1000; 1190973; 173818170; 0; 0; 0; 0; 0; 1; 61737; 0; 0; 268435454
268435455; 43583; 173514450; 0; 1000; 1190973; 173818171; 0; 0; 0; 0; 0; 1; 61738; 0; 0; 268435454
268435455; 43584; 173514560; 0; 1000; 1190973; 173818172; 0; 0; 0; 0; 0; 1; 61739; 0; 0; 268435454
268435455; 43585; 173514670; 0; 1000; 1190973; 173818173; 0; 0; 0; 0; 0; 1; 61740; 0; 0; 268435454
268435455; 43586; 173517100; 0; 1000; 1190973; 173818174; 0; 0; 0; 0; 0; 1; 61741; 0; 0; 268435454
268435455; 43587; 173517210; 0; 1000; 1190973; 173818175; 0; 0; 0; 0; 0; 1; 61742; 0; 0; 268435454
268435455; 43588; 173517320; 0; 1000; 1190973; 173818176; 0; 0; 0; 0; 0; 1; 61743; 0; 0; 268435454
268435455; 43589; 173517430; 0; 1000; 1190973; 173818177; 0; 0; 0; 0; 0; 1; 61744; 0; 0; 268435454
268435455; 43590; 173520268; 0; 1000; 1190973; 173818178; 0; 0; 0; 0; 0; 1; 61745; 0; 0; 268435454
268435455; 43591; 173520378; 0; 1000; 1190973; 173818179; 0; 0; 0; 0; 0; 1; 61746; 0; 0; 268435454
268435455; 43592; 173520488; 0; 1000; 1190973; 173818180; 0; 0; 0; 0; 0; 1; 61747; 0; 0; 268435454
268435455; 43593; 173520598; 0; 1000; 1190973; 173818181; 0; 0; 0; 0; 0; 1; 61748; 0; 0; 268435454
268435455; 43594; 173520708; 0; 1000; 1190973; 173818182; 0; 0; 0; 0; 0; 1; 61749; 0; 0; 268435454
268435455; 43595; 173523420; 0; 1000; 1190973; 173818183; 0; 0; 0; 0; 0; 1; 61750; 0; 0; 268435454
268435455; 43596; 173523530; 0; 1000; 1190973; 173818184; 0; 0; 0; 0; 0; 1; 61751; 0; 0; 268435454
268435455; 43597; 173523640; 0; 1000; 1190973; 173818185; 0; 0; 0; 0; 0; 1; 61752; 0; 0; 268435454
268435455; 43598; 173523750; 0; 1000; 1190973; 173818186; 0; 0; 0; 0; 0; 1; 61753; 0; 0; 268435454
268435455; 43599; 173526380; 0; 1000; 1190973; 173818187; 0; 0; 0; 0; 0; 1; 61754; 0; 0; 268435454
268435455; 43600; 173526490; 0; 1000; 1190973; 173818188; 0; 0; 0; 0; 0; 1; 61755; 0; 0; 268435454
268435455; 43601; 173526600; 0; 1000; 1190973; 173818189; 0; 0; 0; 0; 0; 1; 61756; 0; 0; 268435454
268435455; 43602; 173526710; 0; 1000; 1190973; 173818190; 0; 0; 0; 0; 0; 1; 61757; 0; 0; 268435454
268435455; 43603; 173529380; 0; 1000; 1190973; 173818191; 0; 0; 0; 0; 0; 1; 61758; 0; 0; 268435454
268435455; 43604; 173529490; 0; 1000; 1190973; 173818192; 0; 0; 0; 0; 0; 1; 61759; 0; 0; 268435454
268435455; 43605; 173529600; 0; 1000; 1190973; 173818193; 0; 0; 0; 0; 0; 1; 61760; 0; 0; 268435454
268435455; 43606; 173529708; 0; 1000; 1190973; 173818194; 0; 0; 0; 0; 0; 1; 61761; 0; 0; 268435454
268435455; 43607; 173532124; 0; 1000; 1190973; 173818195; 0; 0; 0; 0; 0; 1; 61762; 0; 0; 268435454
268435455; 43608; 173532234; 0; 1000; 1190973; 173818196; 0; 0; 0; 0; 0; 1; 61763; 0; 0; 268435454
268435455; 43609; 173532344; 0; 1000; 1190973; 173818197; 0; 0; 0; 0; 0; 1; 61764; 0; 0; 268435454
268435455; 43610; 173532454; 0; 1000; 1190973; 173818198; 0; 0; 0; 0; 0; 1; 61765; 0; 0; 268435454
268435455; 43611; 173535084; 0; 1000; 1190973; 173818199; 0; 0; 0; 0; 0; 1; 61766; 0; 0; 268435454
268435455; 43612; 173535194; 0; 1000; 1190973; 173818200; 0; 0; 0; 0; 0; 1; 61767; 0; 0; 268435454
268435455; 43613; 173535304; 0; 1000; 1190973; 173818201; 0; 0; 0; 0; 0; 1; 61768; 0; 0; 268435454
268435455; 43614; 173535414; 0; 1000; 1190973; 173818202; 0; 0; 0; 0; 0; 1; 61769; 0; 0; 268435454
268435455; 43615; 173537900; 0; 1000; 1190973; 173818203; 0; 0; 0; 0; 0; 1; 61770; 0; 0; 268435454
268435455; 43616; 173538010; 0; 1000; 1190973; 173818204; 0; 0; 0; 0; 0; 1; 61771; 0; 0; 268435454
268435455; 43617; 173538120; 0; 1000; 1190973; 173818205; 0; 0; 0; 0; 0; 1; 61772; 0; 0; 268435454
268435455; 43618; 173538230; 0; 1000; 1190973; 173818206; 0; 0; 0; 0; 0; 1; 61773; 0; 0; 268435454
268435455; 43619; 173540804; 0; 1000; 1190973; 173818207; 0; 0; 0; 0; 0; 1; 61774; 0; 0; 268435454
268435455; 43620; 173540914; 0; 1000; 1190973; 173818208; 0; 0; 0; 0; 0; 1; 61775; 0; 0; 268435454
268435455; 43621; 173541024; 0; 1000; 1190973; 173818209; 0; 0; 0; 0; 0; 1; 61776; 0; 0; 268435454
268435455; 43622; 173541134; 0; 1000; 1190973; 173818210; 0; 0; 0; 0; 0; 1; 61777; 0; 0; 268435454
268435455; 43623; 173541244; 0; 1000; 1190973; 173818211; 0; 0; 0; 0; 0; 1; 61778; 0; 0; 268435454
268435455; 43624; 173544436; 0; 1000; 1190973; 173818212; 0; 0; 0; 0; 0; 1; 61779; 0; 0; 268435454
268435455; 43625; 173544546; 0; 1000; 1190973; 173818213; 0; 0; 0; 0; 0; 1; 61780; 0; 0; 268435454
268435455; 43626; 173544656; 0; 1000; 1190973; 173818214; 0; 0; 0; 0; 0; 1; 61781; 0; 0; 268435454
268435455; 43627; 173544766; 0; 1000; 1190973; 173818215; 0; 0; 0; 0; 0; 1; 61782; 0; 0; 268435454
268435455; 43628; 173547212; 0; 1000; 1190973; 173818216; 0; 0; 0; 0; 0; 1; 61783; 0; 0; 268435454
268435455; 43629; 173547322; 0; 1000; 1190973; 173818217; 0; 0; 0; 0; 0; 1; 61784; 0; 0; 268435454
268435455; 43630; 173547432; 0; 1000; 1190973; 173818218; 0; 0; 0; 0; 0; 1; 61785; 0; 0; 268435454
268435455; 43631; 173547542; 0; 1000; 1190973; 173818219; 0; 0; 0; 0; 0; 1; 61786; 0; 0; 268435454
268435455; 43632; 173550164; 0; 1000; 1190973; 173818220; 0; 0; 0; 0; 0; 1; 61787; 0; 0; 268435454
268435455; 43633; 173550274; 0; 1000; 1190973; 173818221; 0; 0; 0; 0; 0; 1; 61788; 0; 0; 268435454
268435455; 43634; 173550384; 0; 1000; 1190973; 173818222; 0; 0; 0; 0; 0; 1; 61789; 0; 0; 268435454
268435455; 43635; 173550494; 0; 1000; 1190973; 173818223; 0; 0; 0; 0; 0; 1; 61790; 0; 0; 268435454
268435455; 43636; 173553126; 0; 1000; 1190973; 173818224; 0; 0; 0; 0; 0; 1; 61791; 0; 0; 268435454
268435455; 43637; 173553236; 0; 1000; 1190973; 173818225; 0; 0; 0; 0; 0; 1; 0; 0; 0; 268435454
268435455; 43638; 173553346; 0; 1000; 1190973; 173818226; 0; 0; 0; 0; 0; 1; 0; 0; 0; 268435454
268435455; 43639; 173553456; 0; 1000; 1190973; 173818227; 0; 0; 0; 0; 0; 1; 0; 0; 0; 268435454
268435455; 43640; 173556070; 0; 1000; 1190973; 173818228; 0; 0; 0; 0; 0; 1; 0; 0; 0; 268435454
268435455; 43641; 173556180; 0; 1000; 1190973; 173818229; 0; 0; 0; 0; 0; 1; 0; 0; 0; 268435454
268435455; 43642; 173556290; 0; 1000; 1190973; 173818230; 0; 0; 0; 0; 0; 1; 0; 0; 0; 268435454
268435455; 43643; 173556400; 0; 1000; 1190973; 173818231; 0; 0; 0; 0; 0; 1; 0; 0; 0; 268435454
268435455; 43644; 173558854; 0; 1000; 1190973; 173818232; 0; 0; 0; 0; 0; 1; 0; 0; 0; 268435454
268435455; 43645; 173558964; 0; 1000; 1190973; 173818233; 0; 0; 0; 0; 0; 1; 0; 0; 0; 268435454
268435455; 43646; 173559074; 0; 1000; 1190973; 173818234; 0; 0; 0; 0; 0; 1; 0; 0; 0; 268435454
268435455; 43647; 173559184; 0; 1000; 1190973; 173818235; 0; 0; 0; 0; 0; 1; 0; 0; 0; 268435454
268435455; 43648; 173561742; 0; 1000; 1190973; 173818236; 0; 0; 0; 0; 0; 1; 0; 0; 0; 268435454
268435455; 43649; 173561852; 0; 1000; 1190973; 173818237; 0; 0; 0; 0; 0; 1; 0; 0; 0; 268435454
268435455; 43650; 173561962; 0; 1000; 1190973; 173818238; 0; 0; 0; 0; 0; 1; 0; 0; 0; 268435454
268435455; 43651; 173562072; 0; 1000; 1190973; 173818239; 0; 0; 0; 0; 0; 1; 0; 0; 0; 268435454
268435455; 43652; 173564566; 0; 1000; 1190973; 173818240; 0; 0; 0; 0; 0; 1; 0; 0; 0; 268435454
268435455; 43653; 173564676; 0; 1000; 1190973; 173818241; 0; 0; 0; 0; 0; 1; 0; 0; 0; 268435454
268435455; 43654; 173564786; 0; 1000; 1190973; 173818242; 0; 0; 0; 0; 0; 1; 0; 0; 0; 268435454
268435455; 43655; 173564896; 0; 1000; 1190973; 173818243; 0; 0; 0; 0; 0; 1; 0; 0; 0; 268435454
268435455; 43656; 173565006; 0; 1000; 1190973; 173818244; 0; 0; 0; 0; 0; 1; 0; 0; 0; 268435454
268435455; 43657; 173568110; 0; 1000; 1190973; 173818245; 0; 0; 0; 0; 0; 1; 0; 0; 0; 268435454
268435455; 43658; 173568220; 0; 1000; 1190973; 173818246; 0; 0; 0; 0; 0; 1; 0; 0; 0; 268435454
268435455; 43659; 173568330; 0; 1000; 1190973; 173818247; 0; 0; 0; 0; 0; 1; 0; 0; 0; 268435454
268435455; 43660; 173568440; 0; 1000; 1190973; 173818248; 0; 0; 0; 0; 0; 1; 0; 0; 0; 268435454
268435455; 43661; 173570950; 0; 1000; 1190973; 173818249; 0; 0; 0; 0; 0; 1; 0; 0; 0; 268435454
268435455; 43662; 173571060; 0; 1000; 1190973; 173818250; 0; 0; 0; 0; 0; 1; 0; 0; 0; 268435454
268435455; 43663; 173571170; 0; 1000; 1190973; 173818251; 0; 0; 0; 0; 0; 1; 0; 0; 0; 268435454
268435455; 43664; 173571280; 0; 1000; 1190973; 173818252; 0; 0; 0; 0; 0; 1; 0; 0; 0; 268435454
268435455; 43665; 173573750; 0; 1000; 1190973; 173818253; 0; 0; 0; 0; 0; 1; 0; 0; 0; 268435454
268435455; 43666; 173573858; 0; 1000; 1190973; 173818254; 0; 0; 0; 0; 0; 1; 0; 0; 0; 268435454
268435455; 43667; 173573968; 0; 1000; 1190973; 173818255; 0; 0; 0; 0; 0; 1; 0; 0; 0; 268435454
268435455; 43668; 173574078; 0; 1000; 1190973; 173818256; 0; 0; 0; 0; 0; 1; 0; 0; 0; 268435454
268435455; 43669; 173576598; 0; 1000; 1190973; 173818257; 0; 0; 0; 0; 0; 1; 0; 0; 0; 268435454
268435455; 43670; 173576708; 0; 1000; 1190973; 173818258; 0; 0; 0; 0; 0; 1; 0; 0; 0; 268435454
268435455; 43671; 173576818; 0; 1000; 1190973; 173818259; 0; 0; 0; 0; 0; 1; 0; 0; 0; 268435454
268435455; 43672; 173576928; 0; 1000; 1190973; 173818260; 0; 0; 0; 0; 0; 1; 0; 0; 0; 268435454
268435455; 43673; 173579486; 0; 1000; 1190973; 173818261; 0; 0; 0; 0; 0; 1; 0; 0; 0; 268435454
268435455; 43674; 173579596; 0; 1000; 1190973; 173818262; 0; 0; 0; 0; 0; 1; 0; 0; 0; 268435454
268435455; 43675; 173579706; 0; 1000; 1190973; 173818263; 0; 0; 0; 0; 0; 1; 0; 0; 0; 268435454
268435455; 43676; 173579816; 0; 1000; 1190973; 173818264; 0; 0; 0; 0; 0; 1; 0; 0; 0; 268435454
268435455; 43677; 173579926; 0; 1000; 1190973; 173818265; 0; 0; 0; 0; 0; 1; 0; 0; 0; 268435454
268435455; 43678; 173582870; 0; 1000; 1190973; 173818266; 0; 0; 0; 0; 0; 1; 0; 0; 0; 268435454
268435455; 43679; 173582980; 0; 1000; 1190973; 173818267; 0; 0; 0; 0; 0; 1; 0; 0; 0; 268435454
268435455; 43680; 173583090; 0; 1000; 1190973; 173818268; 0; 0; 0; 0; 0; 1; 0; 0; 0; 268435454
268435455; 43681; 173583200; 0; 1000; 1190973; 173818269; 0; 0; 0; 0; 0; 1; 0; 0; 0; 268435454
268435455; 43682; 173585846; 0; 1000; 1190973; 173818270; 0; 0; 0; 0; 0; 1; 0; 0; 0; 268435454
268435455; 43683; 173585956; 0; 1000; 1190973; 173818271; 0; 0; 0; 0; 0; 1; 0; 0; 0; 268435454
268435455; 43684; 173586066; 0; 1000; 1190973; 173818272; 0; 0; 0; 0; 0; 1; 0; 0; 0; 268435454
268435455; 43685; 173586176; 0; 1000; 1190973; 173818273; 0; 0; 0; 0; 0; 1; 0; 0; 0; 268435454
268435455; 43686; 173588918; 0; 1000; 1190973; 173818274; 0; 0; 0; 0; 0; 1; 0; 0; 0; 268435454
268435455; 43687; 173589028; 0; 1000; 1190973; 173818275; 0; 0; 0; 0; 0; 1; 0; 0; 0; 268435454
268435455; 43688; 173589138; 0; 1000; 1190973; 173818276; 0; 0; 0; 0; 0; 1; 0; 0; 0; 268435454
268435455; 43689; 173589248; 0; 1000; 1190973; 173818277; 0; 0; 0; 0; 0; 1; 0; 0; 0; 268435454
268435455; 43690; 173591670; 0; 1000; 1190973; 173818278; 0; 0; 0; 0; 0; 1; 0; 0; 0; 268435454
268435455; 43691; 173591780; 0; 1000; 1190973; 173818279; 0; 0; 0; 0; 0; 1; 0; 0; 0; 268435454
268435455; 43692; 173591890; 0; 1000; 1190973; 173818280; 0; 0; 0; 0; 0; 1; 0; 0; 0; 268435454
268435455; 43693; 173592000; 0; 1000; 1190973; 173818281; 0; 0; 0; 0; 0; 1; 0; 0; 0; 268435454
268435455; 43694; 173594614; 0; 1000; 1190973; 173818282; 0; 0; 0; 0; 0; 1; 0; 0; 0; 268435454
268435455; 43695; 173594724; 0; 1000; 1190973; 173818283; 0; 0; 0; 0; 0; 1; 0; 0; 0; 268435454
268435455; 43696; 173594834; 0; 1000; 1190973; 173818284; 0; 0; 0; 0; 0; 1; 0; 0; 0; 268435454
268435455; 43697; 173594946; 0; 1000; 1190973; 173818285; 0; 0; 0; 0; 0; 1; 0; 0; 0; 268435454
268435455; 43698; 173597424; 0; 1000; 1190973; 173818286; 0; 0; 0; 0; 0; 1; 0; 0; 0; 268435454
268435455; 43699; 173597534; 0; 1000; 1190973; 173818287; 0; 0; 0; 0; 0; 1; 0; 0; 0; 268435454
268435455; 43700; 173597644; 0; 1000; 1190973; 173818288; 0; 0; 0; 0; 0; 1; 0; 0; 0; 268435454
268435455; 43701; 173597754; 0; 1000; 1190973; 173818289; 0; 0; 0; 0; 0; 1; 0; 0; 0; 268435454
268435455; 43702; 173600320; 0; 1000; 1190973; 173818290; 0; 0; 0; 0; 0; 1; 0; 0; 0; 268435454
268435455; 43703; 173600430; 0; 1000; 1190973; 173818291; 0; 0; 0; 0; 0; 1; 0; 0; 0; 268435454
268435455; 43704; 173600540; 0; 1000; 1190973; 173818292; 0; 0; 0; 0; 0; 1; 0; 0; 0; 268435454
268435455; 43705; 173600650; 0; 1000; 1190973; 173818293; 0; 0; 0; 0; 0; 1; 0; 0; 0; 268435454
268435455; 43706; 173603032; 0; 1000; 1190973; 173818294; 0; 0; 0; 0; 0; 1; 0; 0; 0; 268435454
268435455; 43707; 173603142; 0; 1000; 1190973; 173818295; 0; 0; 0; 0; 0; 1; 0; 0; 0; 268435454
268435455; 43708; 173603252; 0; 1000; 1190973; 173818296; 0; 0; 0; 0; 0; 1; 0; 0; 0; 268435454
268435455; 43709; 173603362; 0; 1000; 1190973; 173818297; 0; 0; 0; 0; 0; 1; 0; 0; 0; 268435454
268435455; 43710; 173605896; 0; 1000; 1190973; 173818298; 0; 0; 0; 0; 0; 1; 0; 0; 0; 268435454
268435455; 43711; 173606006; 0; 1000; 1190973; 173818299; 0; 0; 0; 0; 0; 1; 0; 0; 0; 268435454
268435455; 43712; 173606116; 0; 1000; 1190973; 173818300; 0; 0; 0; 0; 0; 1; 0; 0; 0; 268435454
268435455; 43713; 173606226; 0; 1000; 1190973; 173818301; 0; 0; 0; 0; 0; 1; 0; 0; 0; 268435454
268435455; 43714; 173608824; 0; 1000; 1190973; 173818302; 0; 0; 0; 0; 0; 1; 0; 0; 0; 268435454
268435455; 43715; 173608934; 0; 1000; 1190973; 173818303; 0; 0; 0; 0; 0; 1; 0; 0; 0; 268435454
268435455; 43716; 173609044; 0; 1000; 1190973; 173818304; 0; 0; 0; 0; 0; 1; 0; 0; 0; 268435454
268435455; 43717; 173609154; 0; 1000; 1190973; 173818305; 0; 0; 0; 0; 0; 1; 0; 0; 0; 268435454
268435455; 43718; 173611696; 0; 1000; 1190973; 173818306; 0; 0; 0; 0; 0; 1; 0; 0; 0; 268435454
268435455; 43719; 173611806; 0; 1000; 1190973; 173818307; 0; 0; 0; 0; 0; 1; 0; 0; 0; 268435454
268435455; 43720; 173611916; 0; 1000; 1190973; 173818308; 0; 0; 0; 0; 0; 1; 0; 0; 0; 268435454
268435455; 43721; 173612026; 0; 1000; 1190973; 173818309; 0; 0; 0; 0; 0; 1; 0; 0; 0; 268435454
268435455; 43722; 173614568; 0; 1000; 1190973; 173818310; 0; 0; 0; 0; 0; 1; 0; 0; 0; 268435454
268435455; 43723; 173614678; 0; 1000; 1190973; 173818311; 0; 0; 0; 0; 0; 1; 0; 0; 0; 268435454
268435455; 43724; 173614788; 0; 1000; 1190973; 173818312; 0; 0; 0; 0; 0; 1; 0; 0; 0; 268435454
268435455; 43725; 173614898; 0; 1000; 1190973; 173818313; 0; 0; 0; 0; 0; 1; 0; 0; 0; 268435454
268435455; 43726; 173617376; 0; 1000; 1190973; 173818314; 0; 0; 0; 0; 0; 1; 0; 0; 0; 268435454
268435455; 43727; 173617486; 0; 1000; 1190973; 173818315; 0; 0; 0; 0; 0; 1; 0; 0; 0; 268435454
268435455; 43728; 173617594; 0; 1000; 1190973; 173818316; 0; 0; 0; 0; 0; 1; 0; 0; 0; 268435454
268435455; 43729; 173617704; 0; 1000; 1190973; 173818317; 0; 0; 0; 0; 0; 1; 0; 0; 0; 268435454
268435455; 43730; 173620232; 0; 1000; 1190973; 173818318; 0; 0; 0; 0; 0; 1; 0; 0; 0; 268435454
268435455; 43731; 173620342; 0; 1000; 1190973; 173818319; 0; 0; 0; 0; 0; 1; 0; 0; 0; 268435454
268435455; 43732; 173620452; 0; 1000; 1190973; 173818320; 0; 0; 0; 0; 0; 1; 0; 0; 0; 268435454
268435455; 43733; 173620562; 0; 1000; 1190973; 173818321; 0; 0; 0; 0; 0; 1; 0; 0; 0; 268435454
268435455; 43734; 173620672; 0; 1000; 1190973; 173818322; 0; 0; 0; 0; 0; 1; 0; 0; 0; 268435454
268435455; 43735; 173624680; 0; 1000; 1190973; 173818323; 0; 0; 0; 0; 0; 1; 0; 0; 0; 268435454
268435455; 43736; 173624790; 0; 1000; 1190973; 173818324; 0; 0; 0; 0; 0; 1; 0; 0; 0; 268435454
268435455; 43737; 173624900; 0; 1000; 1190973; 173818325; 0; 0; 0; 0; 0; 1; 0; 0; 0; 268435454
268435455; 43738; 173625010; 0; 1000; 1190973; 173818326; 0; 0; 0; 0; 0; 1; 0; 0; 0; 268435454
268435455; 43739; 173625120; 0; 1000; 1190973; 173818327; 0; 0; 0; 0; 0; 1; 0; 0; 0; 268435454
268435455; 43740; 173627992; 0; 1000; 1190973; 173818328; 0; 0; 0; 0; 0; 1; 0; 0; 0; 268435454
268435455; 43741; 173628102; 0; 1000; 1190973; 173818329; 0; 0; 0; 0; 0; 1; 0; 0; 0; 268435454
268435455; 43742; 173628212; 0; 1000; 1190973; 173818330; 0; 0; 0; 0; 0; 1; 0; 0; 0; 268435454
268435455; 43743; 173628322; 0; 1000; 1190973; 173818331; 0; 0; 0; 0; 0; 1; 0; 0; 0; 268435454
268435455; 43744; 173628432; 0; 1000; 1190973; 173818332; 0; 0; 0; 0; 0; 1; 0; 0; 0; 268435454
268435455; 43745; 173631160; 0; 1000; 1190973; 173818333; 0; 0; 0; 0; 0; 1; 0; 0; 0; 268435454
268435455; 43746; 173631270; 0; 1000; 1190973; 173818334; 0; 0; 0; 0; 0; 1; 0; 0; 0; 268435454
268435455; 43747; 173631380; 0; 1000; 1190973; 173818335; 0; 0; 0; 0; 0; 1; 0; 0; 0; 268435454
268435455; 43748; 173634400; 0; 1000; 1190973; 173818336; 0; 0; 0; 0; 0; 1; 0; 0; 0; 268435454
268435455; 43749; 173634510; 0; 1000; 1190973; 173818337; 0; 0; 0; 0; 0; 1; 0; 0; 0; 268435454
268435455; 43750; 173634620; 0; 1000; 1190973; 173818338; 0; 0; 0; 0; 0; 1; 0; 0; 0; 268435454
268435455; 43751; 173634730; 0; 1000; 1190973; 173818339; 0; 0; 0; 0; 0; 1; 0; 0; 0; 268435454
268435455; 43752; 173634840; 0; 1000; 1190973; 173818340; 0; 0; 0; 0; 0; 1; 0; 0; 0; 268435454
268435455; 43753; 173637606; 0; 1000; 1190973; 173818341; 0; 0; 0; 0; 0; 1; 0; 0; 0; 268435454
268435455; 43754; 173637716; 0; 1000; 1190973; 173818342; 0; 0; 0; 0; 0; 1; 0; 0; 0; 268435454
268435455; 43755; 173637826; 0; 1000; 1190973; 173818343; 0; 0; 0; 0; 0; 1; 0; 0; 0; 268435454
268435455; 43756; 173637936; 0; 1000; 1190973; 173818344; 0; 0; 0; 0; 0; 1; 0; 0; 0; 268435454
268435455; 43757; 173638048; 0; 1000; 1190973; 173818345; 0; 0; 0; 0; 0; 1; 0; 0; 0; 268435454
268435455; 43758; 173640816; 0; 1000; 1190973; 173818346; 0; 0; 0; 0; 0; 1; 0; 0; 0; 268435454
268435455; 43759; 173640926; 0; 1000; 1190973; 173818347; 0; 0; 0; 0; 0; 1; 0; 0; 0; 268435454
268435455; 43760; 173641036; 0; 1000; 1190973; 173818348; 0; 0; 0; 0; 0; 1; 0; 0; 0; 268435454
268435455; 43761; 173641146; 0; 1000; 1190973; 173818349; 0; 0; 0; 0; 0; 1; 0; 0; 0; 268435454
268435455; 43762; 173643848; 0; 1000; 1190973; 173818350; 0; 0; 0; 0; 0; 1; 0; 0; 0; 268435454
268435455; 43763; 173643958; 0; 1000; 1190973; 173818351; 0; 0; 0; 0; 0; 1; 0; 0; 0; 268435454
268435455; 43764; 173644068; 0; 1000; 1190973; 173818352; 0; 0; 0; 0; 0; 1; 0; 0; 0; 268435454
268435455; 43765; 173647168; 0; 1000; 1190973; 173818353; 0; 0; 0; 0; 0; 1; 0; 0; 0; 268435454
268435455; 43766; 173647278; 0; 1000; 1190973; 173818354; 0; 0; 0; 0; 0; 1; 0; 0; 0; 268435454
268435455; 43767; 173647388; 0; 1000; 1190973; 173818355; 0; 0; 0; 0; 0; 1; 0; 0; 0; 268435454
268435455; 43768; 173650312; 0; 1000; 1190973; 173818356; 0; 0; 0; 0; 0; 1; 0; 0; 0; 268435454
268435455; 43769; 173650422; 0; 1000; 1190973; 173818357; 0; 0; 0; 0; 0; 1; 0; 0; 0; 268435454
268435455; 43770; 173650532; 0; 1000; 1190973; 173818358; 0; 0; 0; 0; 0; 1; 0; 0; 0; 268435454
268435455; 43771; 173654392; 0; 1000; 1190973; 173818359; 0; 0; 0; 0; 0; 1; 0; 0; 0; 268435454
268435455; 43772; 173656872; 0; 1000; 1190973; 173818360; 0; 0; 0; 0; 0; 1; 0; 0; 0; 268435454
268435455; 43773; 173656982; 0; 1000; 1190973; 173818361; 0; 0; 0; 0; 0; 1; 0; 0; 0; 268435454
268435455; 43774; 173657092; 0; 1000; 1190973; 173818362; 0; 0; 0; 0; 0; 1; 0; 0; 0; 268435454
268435455; 43775; 173659944; 0; 1000; 1190973; 173818363; 0; 0; 0; 0; 0; 1; 0; 0; 0; 268435454
268435455; 43776; 173660054; 0; 1000; 1190973; 173818364; 0; 0; 0; 0; 0; 1; 0; 0; 0; 268435454
268435455; 43777; 173660164; 0; 1000; 1190973; 173818365; 0; 0; 0; 0; 0; 1; 0; 0; 0; 268435454
268435455; 43778; 173660272; 0; 1000; 1190973; 173818366; 0; 0; 0; 0; 0; 1; 0; 0; 0; 268435454
268435455; 43779; 173662840; 0; 1000; 1190973; 173818367; 0; 0; 0; 0; 0; 1; 0; 0; 0; 268435454
268435455; 43780; 173662950; 0; 1000; 1190973; 173818368; 0; 0; 0; 0; 0; 1; 0; 0; 0; 268435454
268435455; 43781; 173663060; 0; 1000; 1190973; 173818369; 0; 0; 0; 0; 0; 1; 0; 0; 0; 268435454
268435455; 43782; 173663170; 0; 1000; 1190973; 173818370; 0; 0; 0; 0; 0; 1; 0; 0; 0; 268435454
268435455; 43783; 173665544; 0; 1000; 1190973; 173818371; 0; 0; 0; 0; 0; 1; 0; 0; 0; 268435454
268435455; 43784; 173665654; 0; 1000; 1190973; 173818372; 0; 0; 0; 0; 0; 1; 0; 0; 0; 268435454
268435455; 43785; 173665764; 0; 1000; 1190973; 173818373; 0; 0; 0; 0; 0; 1; 0; 0; 0; 268435454
268435455; 43786; 173665874; 0; 1000; 1190973; 173818374; 0; 0; 0; 0; 0; 1; 0; 0; 0; 268435454
268435455; 43787; 173665984; 0; 1000; 1190973; 173818375; 0; 0; 0; 0; 0; 1; 0; 0; 0; 268435454
268435455; 43788; 173668792; 0; 1000; 1190973; 173818376; 0; 0; 0; 0; 0; 1; 0; 0; 0; 268435454
268435455; 43789; 173668902; 0; 1000; 1190973; 173818377; 0; 0; 0; 0; 0; 1; 0; 0; 0; 268435454
268435455; 43790; 173669012; 0; 1000; 1190973; 173818378; 0; 0; 0; 0; 0; 1; 0; 0; 0; 268435454
268435455; 43791; 173669122; 0; 1000; 1190973; 173818379; 0; 0; 0; 0; 0; 1; 0; 0; 0; 268435454
268435455; 43792; 173669232; 0; 1000; 1190973; 173818380; 0; 0; 0; 0; 0; 1; 0; 0; 0; 268435454
268435455; 43793; 173671936; 0; 1000; 1190973; 173818381; 0; 0; 0; 0; 0; 1; 0; 0; 0; 268435454
268435455; 43794; 173672046; 0; 1000; 1190973; 173818382; 0; 0; 0; 0; 0; 1; 0; 0; 0; 268435454
268435455; 43795; 173672156; 0; 1000; 1190973; 173818383; 0; 0; 0; 0; 0; 1; 0; 0; 0; 268435454
268435455; 43796; 173672266; 0; 1000; 1190973; 173818384; 0; 0; 0; 0; 0; 1; 0; 0; 0; 268435454
268435455; 43797; 173672376; 0; 1000; 1190973; 173818385; 0; 0; 0; 0; 0; 1; 0; 0; 0; 268435454
268435455; 43798; 173675184; 0; 1000; 1190973; 173818386; 0; 0; 0; 0; 0; 1; 0; 0; 0; 268435454
268435455; 43799; 173675294; 0; 1000; 1190973; 173818387; 0; 0; 0; 0; 0; 1; 0; 0; 0; 268435454
268435455; 43800; 173675404; 0; 1000; 1190973; 173818388; 0; 0; 0; 0; 0; 1; 0; 0; 0; 268435454
268435455; 43801; 173675514; 0; 1000; 1190973; 173818389; 0; 0; 0; 0; 0; 1; 0; 0; 0; 268435454
268435455; 43802; 173675624; 0; 1000; 1190973; 173818390; 0; 0; 0; 0; 0; 1; 0; 0; 0; 268435454
268435455; 43803; 173678344; 0; 1000; 1190973; 173818391; 0; 0; 0; 0; 0; 1; 0; 0; 0; 268435454
268435455; 43804; 173678454; 0; 1000; 1190973; 173818392; 0; 0; 0; 0; 0; 1; 0; 0; 0; 268435454
268435455; 43805; 173678564; 0; 1000; 1190973; 173818393; 0; 0; 0; 0; 0; 1; 0; 0; 0; 268435454
268435455; 43806; 173678674; 0; 1000; 1190973; 173818394; 0; 0; 0; 0; 0; 1; 0; 0; 0; 268435454
268435455; 43807; 173678784; 0; 1000; 1190973; 173818395; 0; 0; 0; 0; 0; 1; 0; 0; 0; 268435454
268435455; 43808; 173681592; 0; 1000; 1190973; 173818396; 0; 0; 0; 0; 0; 1; 0; 0; 0; 268435454
268435455; 43809; 173681702; 0; 1000; 1190973; 173818397; 0; 0; 0; 0; 0; 1; 0; 0; 0; 268435454
268435455; 43810; 173681812; 0; 1000; 1190973; 173818398; 0; 0; 0; 0; 0; 1; 0; 0; 0; 268435454
268435455; 43811; 173681922; 0; 1000; 1190973; 173818399; 0; 0; 0; 0; 0; 1; 0; 0; 0; 268435454
268435455; 43812; 173684306; 0; 1000; 1190973; 173818400; 0; 0; 0; 0; 0; 1; 0; 0; 0; 268435454
268435455; 43813; 173684416; 0; 1000; 1190973; 173818401; 0; 0; 0; 0; 0; 1; 0; 0; 0; 268435454
268435455; 43814; 173684526; 0; 1000; 1190973; 173818402; 0; 0; 0; 0; 0; 1; 0; 0; 0; 268435454
268435455; 43815; 173687498; 0; 1000; 1190973; 173818403; 0; 0; 0; 0; 0; 1; 0; 0; 0; 268435454
268435455; 43816; 173687608; 0; 1000; 1190973; 173818404; 0; 0; 0; 0; 0; 1; 0; 0; 0; 268435454
268435455; 43817; 173687718; 0; 1000; 1190973; 173818405; 0; 0; 0; 0; 0; 1; 0; 0; 0; 268435454
268435455; 43818; 173687828; 0; 1000; 1190973; 173818406; 0; 0; 0; 0; 0; 1; 0; 0; 0; 268435454
268435455; 43819; 173690242; 0; 1000; 1190973; 173818407; 0; 0; 0; 0; 0; 1; 0; 0; 0; 268435454
268435455; 43820; 173690352; 0; 1000; 1190973; 173818408; 0; 0; 0; 0; 0; 1; 0; 0; 0; 268435454
268435455; 43821; 173692850; 0; 1000; 1190973; 173818409; 0; 0; 0; 0; 0; 1; 0; 0; 0; 268435454
268435455; 43822; 173692960; 0; 1000; 1190973; 173818410; 0; 0; 0; 0; 0; 1; 0; 0; 0; 268435454
268435455; 43823; 173695458; 0; 1000; 1190973; 173818411; 0; 0; 0; 0; 0; 1; 0; 0; 0; 268435454
268435455; 43824; 173695568; 0; 1000; 1190973; 173818412; 0; 0; 0; 0; 0; 1; 0; 0; 0; 268435454
268435455; 43825; 173695678; 0; 1000; 1190973; 173818413; 0; 0; 0; 0; 0; 1; 0; 0; 0; 268435454
268435455; 43826; 173695788; 0; 1000; 1190973; 173818414; 0; 0; 0; 0; 0; 1; 0; 0; 0; 268435454
268435455; 43827; 173695898; 0; 1000; 1190973; 173818415; 0; 0; 0; 0; 0; 1; 0; 0; 0; 268435454
268435455; 43828; 173698738; 0; 1000; 1190973; 173818416; 0; 0; 0; 0; 0; 1; 0; 0; 0; 268435454
268435455; 43829; 173698848; 0; 1000; 1190973; 173818417; 0; 0; 0; 0; 0; 1; 0; 0; 0; 268435454
268435455; 43830; 173701290; 0; 1000; 1190973; 173818418; 0; 0; 0; 0; 0; 1; 0; 0; 0; 268435454
268435455; 43831; 173701400; 0; 1000; 1190973; 173818419; 0; 0; 0; 0; 0; 1; 0; 0; 0; 268435454
268435455; 43832; 173701510; 0; 1000; 1190973; 173818420; 0; 0; 0; 0; 0; 1; 0; 0; 0; 268435454
268435455; 43833; 173701620; 0; 1000; 1190973; 173818421; 0; 0; 0; 0; 0; 1; 0; 0; 0; 268435454
268435455; 43834; 173704178; 0; 1000; 1190973; 173818422; 0; 0; 0; 0; 0; 1; 0; 0; 0; 268435454
268435455; 43835; 173704288; 0; 1000; 1190973; 173818423; 0; 0; 0; 0; 0; 1; 0; 0; 0; 268435454
268435455; 43836; 173704398; 0; 1000; 1190973; 173818424; 0; 0; 0; 0; 0; 1; 0; 0; 0; 268435454
268435455; 43837; 173704506; 0; 1000; 1190973; 173818425; 0; 0; 0; 0; 0; 1; 0; 0; 0; 268435454
268435455; 43838; 173706882; 0; 1000; 1190973; 173818426; 0; 0; 0; 0; 0; 1; 0; 0; 0; 268435454
268435455; 43839; 173706992; 0; 1000; 1190973; 173818427; 0; 0; 0; 0; 0; 1; 0; 0; 0; 268435454
268435455; 43840; 173707102; 0; 1000; 1190973; 173818428; 0; 0; 0; 0; 0; 1; 0; 0; 0; 268435454
268435455; 43841; 173707212; 0; 1000; 1190973; 173818429; 0; 0; 0; 0; 0; 1; 0; 0; 0; 268435454
268435455; 43842; 173709706; 0; 1000; 1190973; 173818430; 0; 0; 0; 0; 0; 1; 0; 0; 0; 268435454
268435455; 43843; 173709816; 0; 1000; 1190973; 173818431; 0; 0; 0; 0; 0; 1; 0; 0; 0; 268435454
268435455; 43844; 173709926; 0; 1000; 1190973; 173818432; 0; 0; 0; 0; 0; 1; 0; 0; 0; 268435454
268435455; 43845; 173710036; 0; 1000; 1190973; 173818433; 0; 0; 0; 0; 0; 1; 0; 0; 0; 268435454
268435455; 43846; 173712466; 0; 1000; 1190973; 173818434; 0; 0; 0; 0; 0; 1; 0; 0; 0; 268435454
268435455; 43847; 173712576; 0; 1000; 1190973; 173818435; 0; 0; 0; 0; 0; 1; 0; 0; 0; 268435454
268435455; 43848; 173712686; 0; 1000; 1190973; 173818436; 0; 0; 0; 0; 0; 1; 0; 0; 0; 268435454
268435455; 43849; 173712796; 0; 1000; 1190973; 173818437; 0; 0; 0; 0; 0; 1; 0; 0; 0; 268435454
268435455; 43850; 173715298; 0; 1000; 1190973; 173818438; 0; 0; 0; 0; 0; 1; 0; 0; 0; 268435454
268435455; 43851; 173715408; 0; 1000; 1190973; 173818439; 0; 0; 0; 0; 0; 1; 0; 0; 0; 268435454
268435455; 43852; 173715518; 0; 1000; 1190973; 173818440; 0; 0; 0; 0; 0; 1; 0; 0; 0; 268435454
268435455; 43853; 173715628; 0; 1000; 1190973; 173818441; 0; 0; 0; 0; 0; 1; 0; 0; 0; 268435454
268435455; 43854; 173715738; 0; 1000; 1190973; 173818442; 0; 0; 0; 0; 0; 1; 0; 0; 0; 268435454
268435455; 43855; 173718890; 0; 1000; 1190973; 173818443; 0; 0; 0; 0; 0; 1; 0; 0; 0; 268435454
268435455; 43856; 173719000; 0; 1000; 1190973; 173818444; 0; 0; 0; 0; 0; 1; 0; 0; 0; 268435454
268435455; 43857; 173719110; 0; 1000; 1190973; 173818445; 0; 0; 0; 0; 0; 1; 0; 0; 0; 268435454
268435455; 43858; 173719220; 0; 1000; 1190973; 173818446; 0; 0; 0; 0; 0; 1; 0; 0; 0; 268435454
268435455; 43859; 173721674; 0; 1000; 1190973; 173818447; 0; 0; 0; 0; 0; 1; 0; 0; 0; 268435454
268435455; 43860; 173721784; 0; 1000; 1190973; 173818448; 0; 0; 0; 0; 0; 1; 0; 0; 0; 268435454
268435455; 43861; 173721894; 0; 1000; 1190973; 173818449; 0; 0; 0; 0; 0; 1; 0; 0; 0; 268435454
268435455; 43862; 173722004; 0; 1000; 1190973; 173818450; 0; 0; 0; 0; 0; 1; 0; 0; 0; 268435454
268435455; 43863; 173724514; 0; 1000; 1190973; 173818451; 0; 0; 0; 0; 0; 1; 0; 0; 0; 268435454
268435455; 43864; 173724624; 0; 1000; 1190973; 173818452; 0; 0; 0; 0; 0; 1; 0; 0; 0; 268435454
268435455; 43865; 173724734; 0; 1000; 1190973; 173818453; 0; 0; 0; 0; 0; 1; 0; 0; 0; 268435454
268435455; 43866; 173724844; 0; 1000; 1190973; 173818454; 0; 0; 0; 0; 0; 1; 0; 0; 0; 268435454
268435455; 43867; 173727274; 0; 1000; 1190973; 173818455; 0; 0; 0; 0; 0; 1; 0; 0; 0; 268435454
268435455; 43868; 173727386; 0; 1000; 1190973; 173818456; 0; 0; 0; 0; 0; 1; 0; 0; 0; 268435454
268435455; 43869; 173727496; 0; 1000; 1190973; 173818457; 0; 0; 0; 0; 0; 1; 0; 0; 0; 268435454
268435455; 43870; 173727606; 0; 1000; 1190973; 173818458; 0; 0; 0; 0; 0; 1; 0; 0; 0; 268435454
268435455; 43871; 173730124; 0; 1000; 1190973; 173818459; 0; 0; 0; 0; 0; 1; 0; 0; 0; 268435454
268435455; 43872; 173730234; 0; 1000; 1190973; 173818460; 0; 0; 0; 0; 0; 1; 0; 0; 0; 268435454
268435455; 43873; 173730344; 0; 1000; 1190973; 173818461; 0; 0; 0; 0; 0; 1; 0; 0; 0; 268435454
268435455; 43874; 173730454; 0; 1000; 1190973; 173818462; 0; 0; 0; 0; 0; 1; 0; 0; 0; 268435454
268435455; 43875; 173732892; 0; 1000; 1190973; 173818463; 0; 0; 0; 0; 0; 1; 0; 0; 0; 268435454
268435455; 43876; 173733002; 0; 1000; 1190973; 173818464; 0; 0; 0; 0; 0; 1; 0; 0; 0; 268435454
268435455; 43877; 173733112; 0; 1000; 1190973; 173818465; 0; 0; 0; 0; 0; 1; 0; 0; 0; 268435454
268435455; 43878; 173733222; 0; 1000; 1190973; 173818466; 0; 0; 0; 0; 0; 1; 0; 0; 0; 268435454
268435455; 43879; 173735676; 0; 1000; 1190973; 173818467; 0; 0; 0; 0; 0; 1; 0; 0; 0; 268435454
268435455; 43880; 173735786; 0; 1000; 1190973; 173818468; 0; 0; 0; 0; 0; 1; 0; 0; 0; 268435454
268435455; 43881; 173735896; 0; 1000; 1190973; 173818469; 0; 0; 0; 0; 0; 1; 0; 0; 0; 268435454
268435455; 43882; 173736006; 0; 1000; 1190973; 173818470; 0; 0; 0; 0; 0; 1; 0; 0; 0; 268435454
268435455; 43883; 173736116; 0; 1000; 1190973; 173818471; 0; 0; 0; 0; 0; 1; 0; 0; 0; 268435454
268435455; 43884; 173738924; 0; 1000; 1190973; 173818472; 0; 0; 0; 0; 0; 1; 0; 0; 0; 268435454
268435455; 43885; 173739034; 0; 1000; 1190973; 173818473; 0; 0; 0; 0; 0; 1; 0; 0; 0; 268435454
268435455; 43886; 173739144; 0; 1000; 1190973; 173818474; 0; 0; 0; 0; 0; 1; 0; 0; 0; 268435454
268435455; 43887; 173739254; 0; 1000; 1190973; 173818475; 0; 0; 0; 0; 0; 1; 0; 0; 0; 268435454
268435455; 43888; 173741884; 0; 1000; 1190973; 173818476; 0; 0; 0; 0; 0; 1; 0; 0; 0; 268435454
268435455; 43889; 173741994; 0; 1000; 1190973; 173818477; 0; 0; 0; 0; 0; 1; 0; 0; 0; 268435454
268435455; 43890; 173742104; 0; 1000; 1190973; 173818478; 0; 0; 0; 0; 0; 1; 0; 0; 0; 268435454
268435455; 43891; 173742214; 0; 1000; 1190973; 173818479; 0; 0; 0; 0; 0; 1; 0; 0; 0; 268435454
268435455; 43892; 173744812; 0; 1000; 1190973; 173818480; 0; 0; 0; 0; 0; 1; 0; 0; 0; 268435454
268435455; 43893; 173744922; 0; 1000; 1190973; 173818481; 0; 0; 0; 0; 0; 1; 0; 0; 0; 268435454
268435455; 43894; 173745032; 0; 1000; 1190973; 173818482; 0; 0; 0; 0; 0; 1; 0; 0; 0; 268435454
268435455; 43895; 173745142; 0; 1000; 1190973; 173818483; 0; 0; 0; 0; 0; 1; 0; 0; 0; 268435454
268435455; 43896; 173747516; 0; 1000; 1190973; 173818484; 0; 0; 0; 0; 0; 1; 0; 0; 0; 268435454
268435455; 43897; 173747626; 0; 1000; 1190973; 173818485; 0; 0; 0; 0; 0; 1; 0; 0; 0; 268435454
268435455; 43898; 173747736; 0; 1000; 1190973; 173818486; 0; 0; 0; 0; 0; 1; 0; 0; 0; 268435454
268435455; 43899; 173747844; 0; 1000; 1190973; 173818487; 0; 0; 0; 0; 0; 1; 0; 0; 0; 268435454
268435455; 43900; 173750268; 0; 1000; 1190973; 173818488; 0; 0; 0; 0; 0; 1; 0; 0; 0; 268435454
268435455; 43901; 173750378; 0; 1000; 1190973; 173818489; 0; 0; 0; 0; 0; 1; 0; 0; 0; 268435454
268435455; 43902; 173750488; 0; 1000; 1190973; 173818490; 0; 0; 0; 0; 0; 1; 0; 0; 0; 268435454
268435455; 43903; 173750598; 0; 1000; 1190973; 173818491; 0; 0; 0; 0; 0; 1; 0; 0; 0; 268435454
268435455; 43904; 173753068; 0; 1000; 1190973; 173818492; 0; 0; 0; 0; 0; 1; 0; 0; 0; 268435454
268435455; 43905; 173753178; 0; 1000; 1190973; 173818493; 0; 0; 0; 0; 0; 1; 0; 0; 0; 268435454
268435455; 43906; 173753288; 0; 1000; 1190973; 173818494; 0; 0; 0; 0; 0; 1; 0; 0; 0; 268435454
268435455; 43907; 173753398; 0; 1000; 1190973; 173818495; 0; 0; 0; 0; 0; 1; 0; 0; 0; 268435454
268435455; 43908; 173755820; 0; 1000; 1190973; 173818496; 0; 0; 0; 0; 0; 1; 0; 0; 0; 268435454
268435455; 43909; 173755930; 0; 1000; 1190973; 173818497; 0; 0; 0; 0; 0; 1; 0; 0; 0; 268435454
268435455; 43910; 173756040; 0; 1000; 1190973; 173818498; 0; 0; 0; 0; 0; 1; 0; 0; 0; 268435454
268435455; 43911; 173756150; 0; 1000; 1190973; 173818499; 0; 0; 0; 0; 0; 1; 0; 0; 0; 268435454
268435455; 43912; 173756260; 0; 1000; 1190973; 173818500; 0; 0; 0; 0; 0; 1; 0; 0; 0; 268435454
268435455; 43913; 173759412; 0; 1000; 1190973; 173818501; 0; 0; 0; 0; 0; 1; 0; 0; 0; 268435454
268435455; 43914; 173759522; 0; 1000; 1190973; 173818502; 0; 0; 0; 0; 0; 1; 0; 0; 0; 268435454
268435455; 43915; 173759632; 0; 1000; 1190973; 173818503; 0; 0; 0; 0; 0; 1; 0; 0; 0; 268435454
268435455; 43916; 173759742; 0; 1000; 1190973; 173818504; 0; 0; 0; 0; 0; 1; 0; 0; 0; 268435454
268435455; 43917; 173762116; 0; 1000; 1190973; 173818505; 0; 0; 0; 0; 0; 1; 0; 0; 0; 268435454
268435455; 43918; 173762226; 0; 1000; 1190973; 173818506; 0; 0; 0; 0; 0; 1; 0; 0; 0; 268435454
268435455; 43919; 173762336; 0; 1000; 1190973; 173818507; 0; 0; 0; 0; 0; 1; 0; 0; 0; 268435454
268435455; 43920; 173762446; 0; 1000; 1190973; 173818508; 0; 0; 0; 0; 0; 1; 0; 0; 0; 268435454
268435455; 43921; 173764956; 0; 1000; 1190973; 173818509; 0; 0; 0; 0; 0; 1; 0; 0; 0; 268435454
268435455; 43922; 173765066; 0; 1000; 1190973; 173818510; 0; 0; 0; 0; 0; 1; 0; 0; 0; 268435454
268435455; 43923; 173765176; 0; 1000; 1190973; 173818511; 0; 0; 0; 0; 0; 1; 0; 0; 0; 268435454
268435455; 43924; 173765286; 0; 1000; 1190973; 173818512; 0; 0; 0; 0; 0; 1; 0; 0; 0; 268435454
268435455; 43925; 173767756; 0; 1000; 1190973; 173818513; 0; 0; 0; 0; 0; 1; 0; 0; 0; 268435454
268435455; 43926; 173767866; 0; 1000; 1190973; 173818514; 0; 0; 0; 0; 0; 1; 0; 0; 0; 268435454
268435455; 43927; 173767976; 0; 1000; 1190973; 173818515; 0; 0; 0; 0; 0; 1; 0; 0; 0; 268435454
268435455; 43928; 173768086; 0; 1000; 1190973; 173818516; 0; 0; 0; 0; 0; 1; 0; 0; 0; 268435454
268435455; 43929; 173770612; 0; 1000; 1190973; 173818517; 0; 0; 0; 0; 0; 1; 0; 0; 0; 268435454
268435455; 43930; 173770722; 0; 1000; 1190973; 173818518; 0; 0; 0; 0; 0; 1; 0; 0; 0; 268435454
268435455; 43931; 173770834; 0; 1000; 1190973; 173818519; 0; 0; 0; 0; 0; 1; 0; 0; 0; 268435454
268435455; 43932; 173770944; 0; 1000; 1190973; 173818520; 0; 0; 0; 0; 0; 1; 0; 0; 0; 268435454
268435455; 43933; 173773334; 0; 1000; 1190973; 173818521; 0; 0; 0; 0; 0; 1; 0; 0; 0; 268435454
268435455; 43934; 173773444; 0; 1000; 1190973; 173818522; 0; 0; 0; 0; 0; 1; 0; 0; 0; 268435454
268435455; 43935; 173773554; 0; 1000; 1190973; 173818523; 0; 0; 0; 0; 0; 1; 0; 0; 0; 268435454
268435455; 43936; 173773664; 0; 1000; 1190973; 173818524; 0; 0; 0; 0; 0; 1; 0; 0; 0; 268435454
268435455; 43937; 173776358; 0; 1000; 1190973; 173818525; 0; 0; 0; 0; 0; 1; 0; 0; 0; 268435454
268435455; 43938; 173776468; 0; 1000; 1190973; 173818526; 0; 0; 0; 0; 0; 1; 0; 0; 0; 268435454
268435455; 43939; 173776578; 0; 1000; 1190973; 173818527; 0; 0; 0; 0; 0; 1; 0; 0; 0; 268435454
268435455; 43940; 173776688; 0; 1000; 1190973; 173818528; 0; 0; 0; 0; 0; 1; 0; 0; 0; 268435454
268435455; 43941; 173776798; 0; 1000; 1190973; 173818529; 0; 0; 0; 0; 0; 1; 0; 0; 0; 268435454
268435455; 43942; 173779806; 0; 1000; 1190973; 173818530; 0; 0; 0; 0; 0; 1; 0; 0; 0; 268435454
268435455; 43943; 173779916; 0; 1000; 1190973; 173818531; 0; 0; 0; 0; 0; 1; 0; 0; 0; 268435454
268435455; 43944; 173780026; 0; 1000; 1190973; 173818532; 0; 0; 0; 0; 0; 1; 0; 0; 0; 268435454
268435455; 43945; 173780136; 0; 1000; 1190973; 173818533; 0; 0; 0; 0; 0; 1; 0; 0; 0; 268435454
268435455; 43946; 173782550; 0; 1000; 1190973; 173818534; 0; 0; 0; 0; 0; 1; 0; 0; 0; 268435454
268435455; 43947; 173782660; 0; 1000; 1190973; 173818535; 0; 0; 0; 0; 0; 1; 0; 0; 0; 268435454
268435455; 43948; 173782770; 0; 1000; 1190973; 173818536; 0; 0; 0; 0; 0; 1; 0; 0; 0; 268435454
268435455; 43949; 173782880; 0; 1000; 1190973; 173818537; 0; 0; 0; 0; 0; 1; 0; 0; 0; 268435454
268435455; 43950; 173785894; 0; 1000; 1190973; 173818538; 0; 0; 0; 0; 0; 1; 0; 0; 0; 268435454
268435455; 43951; 173786004; 0; 1000; 1190973; 173818539; 0; 0; 0; 0; 0; 1; 0; 0; 0; 268435454
268435455; 43952; 173786114; 0; 1000; 1190973; 173818540; 0; 0; 0; 0; 0; 1; 0; 0; 0; 268435454
268435455; 43953; 173786224; 0; 1000; 1190973; 173818541; 0; 0; 0; 0; 0; 1; 0; 0; 0; 268435454
268435455; 43954; 173786334; 0; 1000; 1190973; 173818542; 0; 0; 0; 0; 0; 1; 0; 0; 0; 268435454
268435455; 43955; 173788838; 0; 1000; 1190973; 173818543; 0; 0; 0; 0; 0; 1; 0; 0; 0; 268435454
268435455; 43956; 173788948; 0; 1000; 1190973; 173818544; 0; 0; 0; 0; 0; 1; 0; 0; 0; 268435454
268435455; 43957; 173789058; 0; 1000; 1190973; 173818545; 0; 0; 0; 0; 0; 1; 0; 0; 0; 268435454
268435455; 43958; 173789168; 0; 1000; 1190973; 173818546; 0; 0; 0; 0; 0; 1; 0; 0; 0; 268435454
268435455; 43959; 173791638; 0; 1000; 1190973; 173818547; 0; 0; 0; 0; 0; 1; 0; 0; 0; 268435454
268435455; 43960; 173791748; 0; 1000; 1190973; 173818548; 0; 0; 0; 0; 0; 1; 0; 0; 0; 268435454
268435455; 43961; 173791858; 0; 1000; 1190973; 173818549; 0; 0; 0; 0; 0; 1; 0; 0; 0; 268435454
268435455; 43962; 173791966; 0; 1000; 1190973; 173818550; 0; 0; 0; 0; 0; 1; 0; 0; 0; 268435454
268435455; 43963; 173794462; 0; 1000; 1190973; 173818551; 0; 0; 0; 0; 0; 1; 0; 0; 0; 268435454
268435455; 43964; 173794572; 0; 1000; 1190973; 173818552; 0; 0; 0; 0; 0; 1; 0; 0; 0; 268435454
268435455; 43965; 173794682; 0; 1000; 1190973; 173818553; 0; 0; 0; 0; 0; 1; 0; 0; 0; 268435454
268435455; 43966; 173794792; 0; 1000; 1190973; 173818554; 0; 0; 0; 0; 0; 1; 0; 0; 0; 268435454
268435455; 43967; 173797228; 0; 1000; 1190973; 173818555; 0; 0; 0; 0; 0; 1; 0; 0; 0; 268435454
268435455; 43968; 173797338; 0; 1000; 1190973; 173818556; 0; 0; 0; 0; 0; 1; 0; 0; 0; 268435454
268435455; 43969; 173797448; 0; 1000; 1190973; 173818557; 0; 0; 0; 0; 0; 1; 0; 0; 0; 268435454
268435455; 43970; 173797558; 0; 1000; 1190973; 173818558; 0; 0; 0; 0; 0; 1; 0; 0; 0; 268435454
268435455; 43971; 173800084; 0; 1000; 1190973; 173818559; 0; 0; 0; 0; 0; 1; 0; 0; 0; 268435454
268435455; 43972; 173800194; 0; 1000; 1190973; 173818560; 0; 0; 0; 0; 0; 1; 0; 0; 0; 268435454
268435455; 43973; 173800304; 0; 1000; 1190973; 173818561; 0; 0; 0; 0; 0; 1; 0; 0; 0; 268435454
268435455; 43974; 173800414; 0; 1000; 1190973; 173818562; 0; 0; 0; 0; 0; 1; 0; 0; 0; 268435454
268435455; 43975; 173802844; 0; 1000; 1190973; 173818563; 0; 0; 0; 0; 0; 1; 0; 0; 0; 268435454
268435455; 43976; 173802954; 0; 1000; 1190973; 173818564; 0; 0; 0; 0; 0; 1; 0; 0; 0; 268435454
268435455; 43977; 173803064; 0; 1000; 1190973; 173818565; 0; 0; 0; 0; 0; 1; 0; 0; 0; 268435454
268435455; 43978; 173803174; 0; 1000; 1190973; 173818566; 0; 0; 0; 0; 0; 1; 0; 0; 0; 268435454
268435455; 43979; 173805660; 0; 1000; 1190973; 173818567; 0; 0; 0; 0; 0; 1; 0; 0; 0; 268435454
268435455; 43980; 173805770; 0; 1000; 1190973; 173818568; 0; 0; 0; 0; 0; 1; 0; 0; 0; 268435454
268435455; 43981; 173805880; 0; 1000; 1190973; 173818569; 0; 0; 0; 0; 0; 1; 0; 0; 0; 268435454
268435455; 43982; 173805990; 0; 1000; 1190973; 173818570; 0; 0; 0; 0; 0; 1; 0; 0; 0; 268435454
268435455; 43983; 173808412; 0; 1000; 1190973; 173818571; 0; 0; 0; 0; 0; 1; 0; 0; 0; 268435454
268435455; 43984; 173808522; 0; 1000; 1190973; 173818572; 0; 0; 0; 0; 0; 1; 0; 0; 0; 268435454
268435455; 43985; 173808632; 0; 1000; 1190973; 173818573; 0; 0; 0; 0; 0; 1; 0; 0; 0; 268435454
268435455; 43986; 173808742; 0; 1000; 1190973; 173818574; 0; 0; 0; 0; 0; 1; 0; 0; 0; 268435454
268435455; 43987; 173811300; 0; 1000; 1190973; 173818575; 0; 0; 0; 0; 0; 1; 0; 0; 0; 268435454
268435455; 43988; 173811410; 0; 1000; 1190973; 173818576; 0; 0; 0; 0; 0; 1; 0; 0; 0; 268435454
268435455; 43989; 173811520; 0; 1000; 1190973; 173818577; 0; 0; 0; 0; 0; 1; 0; 0; 0; 268435454
268435455; 43990; 173811630; 0; 1000; 1190973; 173818578; 0; 0; 0; 0; 0; 1; 0; 0; 0; 268435454
268435455; 43991; 173814268; 0; 1000; 1190973; 173818579; 0; 0; 0; 0; 0; 1; 0; 0; 0; 268435454
268435455; 43992; 173814378; 0; 1000; 1190973; 173818580; 0; 0; 0; 0; 0; 1; 0; 0; 0; 268435454
268435455; 43993; 173814490; 0; 1000; 1190973; 173818581; 0; 0; 0; 0; 0; 1; 0; 0; 0; 268435454
268435455; 43994; 173814600; 0; 1000; 1190973; 173818582; 0; 0; 0; 0; 0; 1; 0; 0; 0; 268435454
268435455; 43995; 173817150; 0; 1000; 1190973; 173818583; 0; 0; 0; 0; 0; 1; 0; 0; 0; 268435454
268435455; 43996; 173817260; 0; 1000; 1190973; 173818584; 0; 0; 0; 0; 0; 1; 0; 0; 0; 268435454
268435455; 43997; 173817370; 0; 1000; 1190973; 173818585; 0; 0; 0; 0; 0; 1; 0; 0; 0; 268435454
268435455; 43998; 173817480; 0; 1000; 1190973; 173818586; 0; 0; 0; 0; 0; 1; 0; 0; 0; 268435454
268435455; 43999; 173817583; 1; 1000; 1190973; 173818587; 0; 0; 0; 0; 0; 1; 0; 0; 0; 268435454
